seq,handle,status,api_address,module,document,interface_group,action,node_name,full_path,source_file
001,d72f008,OK,U8API/APApplyPay/SaveVouch,应付款管理源管理器,付款申请单源管理器,服务接口源管理器,新增或修改,新增或修改源管理器,U8API资源管理器/U8API源管理器/应付款管理源管理器/付款申请单源管理器/服务接口源管理器/新增或修改源管理器,parts/001_d72f008_新增或修改源管理器.txt
002,d72f188,OK,U8API/APApplyPay/GetVouchData,应付款管理源管理器,付款申请单源管理器,服务接口源管理器,装载单据,装载单据源管理器,U8API资源管理器/U8API源管理器/应付款管理源管理器/付款申请单源管理器/服务接口源管理器/装载单据源管理器,parts/002_d72f188_装载单据源管理器.txt
003,d72f2a8,OK,U8API/APApplyPay/DeleteVouch,应付款管理源管理器,付款申请单源管理器,服务接口源管理器,删除单据,删除单据源管理器,U8API资源管理器/U8API源管理器/应付款管理源管理器/付款申请单源管理器/服务接口源管理器/删除单据源管理器,parts/003_d72f2a8_删除单据源管理器.txt
004,d72f098,OK,U8API/APApplyPay/Sign,应付款管理源管理器,付款申请单源管理器,服务接口源管理器,审核单据,审核单据源管理器,U8API资源管理器/U8API源管理器/应付款管理源管理器/付款申请单源管理器/服务接口源管理器/审核单据源管理器,parts/004_d72f098_审核单据源管理器.txt
005,d72edf8,OK,U8API/APApplyPay/CancelSign,应付款管理源管理器,付款申请单源管理器,服务接口源管理器,弃审单据,弃审单据源管理器,U8API资源管理器/U8API源管理器/应付款管理源管理器/付款申请单源管理器/服务接口源管理器/弃审单据源管理器,parts/005_d72edf8_弃审单据源管理器.txt
006,d72e408,OK,U8API/APClose/SaveVouch,应付款管理源管理器,付款单源管理器,服务接口源管理器,新增或修改,新增或修改源管理器,U8API资源管理器/U8API源管理器/应付款管理源管理器/付款单源管理器/服务接口源管理器/新增或修改源管理器,parts/006_d72e408_新增或修改源管理器.txt
007,d72e468,OK,U8API/APClose/GetVouchData,应付款管理源管理器,付款单源管理器,服务接口源管理器,装载单据,装载单据源管理器,U8API资源管理器/U8API源管理器/应付款管理源管理器/付款单源管理器/服务接口源管理器/装载单据源管理器,parts/007_d72e468_装载单据源管理器.txt
008,d72e5b8,OK,U8API/APClose/DeleteVouch,应付款管理源管理器,付款单源管理器,服务接口源管理器,删除单据,删除单据源管理器,U8API资源管理器/U8API源管理器/应付款管理源管理器/付款单源管理器/服务接口源管理器/删除单据源管理器,parts/008_d72e5b8_删除单据源管理器.txt
009,d72ea08,OK,U8API/APClose/Sign,应付款管理源管理器,付款单源管理器,服务接口源管理器,审核单据,审核单据源管理器,U8API资源管理器/U8API源管理器/应付款管理源管理器/付款单源管理器/服务接口源管理器/审核单据源管理器,parts/009_d72ea08_审核单据源管理器.txt
010,d72ed38,OK,U8API/APClose/CancelSign,应付款管理源管理器,付款单源管理器,服务接口源管理器,弃审单据,弃审单据源管理器,U8API资源管理器/U8API源管理器/应付款管理源管理器/付款单源管理器/服务接口源管理器/弃审单据源管理器,parts/010_d72ed38_弃审单据源管理器.txt
011,d792738,OK,U8API/APVouch/SaveVouch,应付款管理源管理器,应付单源管理器,服务接口源管理器,新增或修改,新增或修改源管理器,U8API资源管理器/U8API源管理器/应付款管理源管理器/应付单源管理器/服务接口源管理器/新增或修改源管理器,parts/011_d792738_新增或修改源管理器.txt
012,d792c18,OK,U8API/APVouch/GetVouchData,应付款管理源管理器,应付单源管理器,服务接口源管理器,装载单据,装载单据源管理器,U8API资源管理器/U8API源管理器/应付款管理源管理器/应付单源管理器/服务接口源管理器/装载单据源管理器,parts/012_d792c18_装载单据源管理器.txt
013,d792b58,OK,U8API/APVouch/DeleteVouch,应付款管理源管理器,应付单源管理器,服务接口源管理器,删除单据,删除单据源管理器,U8API资源管理器/U8API源管理器/应付款管理源管理器/应付单源管理器/服务接口源管理器/删除单据源管理器,parts/013_d792b58_删除单据源管理器.txt
014,d793008,OK,U8API/APVouch/Sign,应付款管理源管理器,应付单源管理器,服务接口源管理器,审核单据,审核单据源管理器,U8API资源管理器/U8API源管理器/应付款管理源管理器/应付单源管理器/服务接口源管理器/审核单据源管理器,parts/014_d793008_审核单据源管理器.txt
015,d792c78,OK,U8API/APVouch/CancelSign,应付款管理源管理器,应付单源管理器,服务接口源管理器,弃审单据,弃审单据源管理器,U8API资源管理器/U8API源管理器/应付款管理源管理器/应付单源管理器/服务接口源管理器/弃审单据源管理器,parts/015_d792c78_弃审单据源管理器.txt
016,d5f6750,OK,U8API/PUInvoice/Sign,应付款管理源管理器,采购发票源管理器,服务接口源管理器,审核单据,审核单据源管理器,U8API资源管理器/U8API源管理器/应付款管理源管理器/采购发票源管理器/服务接口源管理器/审核单据源管理器,parts/016_d5f6750_审核单据源管理器.txt
017,12b67a8,OK,U8API/PUInvoice/CancelSign,应付款管理源管理器,采购发票源管理器,服务接口源管理器,弃审单据,弃审单据源管理器,U8API资源管理器/U8API源管理器/应付款管理源管理器/采购发票源管理器/服务接口源管理器/弃审单据源管理器,parts/017_12b67a8_弃审单据源管理器.txt
018,12988d0,OK,U8API/ARClose/SaveVouch,应收款管理源管理器,收款单理源管理器,服务接口核日志,新增或修改,新增或修改核日志,U8API资源管理器/U8API源管理器/应收款管理源管理器/收款单理源管理器/服务接口核日志/新增或修改核日志,parts/018_12988d0_新增或修改核日志.txt
019,12987e0,OK,U8API/ARClose/GetVouchData,应收款管理源管理器,收款单理源管理器,服务接口核日志,装载单据,装载单据核日志,U8API资源管理器/U8API源管理器/应收款管理源管理器/收款单理源管理器/服务接口核日志/装载单据核日志,parts/019_12987e0_装载单据核日志.txt
020,1298930,OK,U8API/ARClose/DeleteVouch,应收款管理源管理器,收款单理源管理器,服务接口核日志,删除单据,删除单据核日志,U8API资源管理器/U8API源管理器/应收款管理源管理器/收款单理源管理器/服务接口核日志/删除单据核日志,parts/020_1298930_删除单据核日志.txt
021,1298510,OK,U8API/ARClose/Sign,应收款管理源管理器,收款单理源管理器,服务接口核日志,审核单据,审核单据核日志,U8API资源管理器/U8API源管理器/应收款管理源管理器/收款单理源管理器/服务接口核日志/审核单据核日志,parts/021_1298510_审核单据核日志.txt
022,1298570,OK,U8API/ARClose/CancelSign,应收款管理源管理器,收款单理源管理器,服务接口核日志,弃审单据,弃审单据核日志,U8API资源管理器/U8API源管理器/应收款管理源管理器/收款单理源管理器/服务接口核日志/弃审单据核日志,parts/022_1298570_弃审单据核日志.txt
023,1298a80,OK,U8API/ARVouch/SaveVouch,应收款管理源管理器,应收单核日志,服务接口核日志,新增或修改,新增或修改核日志,U8API资源管理器/U8API源管理器/应收款管理源管理器/应收单核日志/服务接口核日志/新增或修改核日志,parts/023_1298a80_新增或修改核日志.txt
024,1298b10,OK,U8API/ARVouch/GetVouchData,应收款管理源管理器,应收单核日志,服务接口核日志,装载单据,装载单据核日志,U8API资源管理器/U8API源管理器/应收款管理源管理器/应收单核日志/服务接口核日志/装载单据核日志,parts/024_1298b10_装载单据核日志.txt
025,1298b40,OK,U8API/ARVouch/DeleteVouch,应收款管理源管理器,应收单核日志,服务接口核日志,删除单据,删除单据核日志,U8API资源管理器/U8API源管理器/应收款管理源管理器/应收单核日志/服务接口核日志/删除单据核日志,parts/025_1298b40_删除单据核日志.txt
026,1298b70,OK,U8API/ARVouch/Sign,应收款管理源管理器,应收单核日志,服务接口核日志,审核单据,审核单据核日志,U8API资源管理器/U8API源管理器/应收款管理源管理器/应收单核日志/服务接口核日志/审核单据核日志,parts/026_1298b70_审核单据核日志.txt
027,1299080,OK,U8API/ARVouch/CancelSign,应收款管理源管理器,应收单核日志,服务接口核日志,弃审单据,弃审单据核日志,U8API资源管理器/U8API源管理器/应收款管理源管理器/应收单核日志/服务接口核日志/弃审单据核日志,parts/027_1299080_弃审单据核日志.txt
028,12998f0,OK,U8API/SAInvoice/Sign,应收款管理源管理器,销售发票核日志,服务接口核日志,审核单据,审核单据核日志,U8API资源管理器/U8API源管理器/应收款管理源管理器/销售发票核日志/服务接口核日志/审核单据核日志,parts/028_12998f0_审核单据核日志.txt
029,1299980,OK,U8API/SAInvoice/CancelSign,应收款管理源管理器,销售发票核日志,服务接口核日志,弃审单据,弃审单据核日志,U8API资源管理器/U8API源管理器/应收款管理源管理器/销售发票核日志/服务接口核日志/弃审单据核日志,parts/029_1299980_弃审单据核日志.txt
030,1299b30,OK,U8API/CM/DeleteVouch,合同管理核日志,服务接口核日志,删除单据核日志,删除单据,删除单据核日志,U8API资源管理器/U8API源管理器/合同管理核日志/服务接口核日志/删除单据核日志,parts/030_1299b30_删除单据核日志.txt
031,1299a10,OK,U8API/CM/QueryVouch,合同管理核日志,服务接口核日志,查询单据核日志,查询单据,查询单据核日志,U8API资源管理器/U8API源管理器/合同管理核日志/服务接口核日志/查询单据核日志,parts/031_1299a10_查询单据核日志.txt
032,1299770,OK,U8API/CM/SaveVouch,合同管理核日志,服务接口核日志,新增或修改核日志,新增或修改,新增或修改核日志,U8API资源管理器/U8API源管理器/合同管理核日志/服务接口核日志/新增或修改核日志,parts/032_1299770_新增或修改核日志.txt
033,1299710,OK,U8API/EB/EBItem_Add,电商订单中心日志,服务接口事件志,店铺商品新增志,店铺商品新增,店铺商品新增志,U8API资源管理器/U8API源管理器/电商订单中心日志/服务接口事件志/店铺商品新增志,parts/033_1299710_店铺商品新增志.txt
034,1299740,OK,U8API/EB/EBTrade_Add,电商订单中心日志,服务接口事件志,电商订单新增志,电商订单新增志,电商订单新增志,U8API资源管理器/U8API源管理器/电商订单中心日志/服务接口事件志/电商订单新增志,parts/034_1299740_电商订单新增志.txt
035,d7d4368,OK,U8API/omOrder/VoucherOperate,委外管理发票,委外订单发票,服务接口存事件,统一接口存事件,统一接口存事件,U8API资源管理器/U8API源管理器/委外管理发票/委外订单发票/服务接口存事件/统一接口存事件,parts/035_d7d4368_统一接口存事件.txt
036,d7d4e78,OK,U8API/ArrivedGoods/CancelconfirmArr,采购管理存事件,采购到货单(退货单),服务接口保存事件err,弃审采购到货单,弃审采购到货单件err,U8API资源管理器/U8API源管理器/采购管理存事件/采购到货单(退货单)/服务接口保存事件err/弃审采购到货单件err,parts/036_d7d4e78_弃审采购到货单件err.txt
037,d7d50e8,OK,U8API/ArrivedGoods/ConfirmArr,采购管理存事件,采购到货单(退货单),服务接口保存事件err,审核采购到货单,审核采购到货单件err,U8API资源管理器/U8API源管理器/采购管理存事件/采购到货单(退货单)/服务接口保存事件err/审核采购到货单件err,parts/037_d7d50e8_审核采购到货单件err.txt
038,d7d4ea8,OK,U8API/ArrivedGoods/Delete,采购管理存事件,采购到货单(退货单),服务接口保存事件err,删除单据,删除单据货单件err,U8API资源管理器/U8API源管理器/采购管理存事件/采购到货单(退货单)/服务接口保存事件err/删除单据货单件err,parts/038_d7d4ea8_删除单据货单件err.txt
039,d7d5148,OK,U8API/ArrivedGoods/GetVoucherData,采购管理存事件,采购到货单(退货单),服务接口保存事件err,装载单据,装载单据货单件err,U8API资源管理器/U8API源管理器/采购管理存事件/采购到货单(退货单)/服务接口保存事件err/装载单据货单件err,parts/039_d7d5148_装载单据货单件err.txt
040,d7d4f98,OK,U8API/ArrivedGoods/VoucherSave,采购管理存事件,采购到货单(退货单),服务接口保存事件err,新增或修改,新增或修改单件err,U8API资源管理器/U8API源管理器/采购管理存事件/采购到货单(退货单)/服务接口保存事件err/新增或修改单件err,parts/040_d7d4f98_新增或修改单件err.txt
041,d7d4e48,OK,U8API/ppurbill/Delete,采购管理存事件,采购普通发票件err,服务接口件err,删除单据,删除单据件err,U8API资源管理器/U8API源管理器/采购管理存事件/采购普通发票件err/服务接口件err/删除单据件err,parts/041_d7d4e48_删除单据件err.txt
042,d7d4cf8,OK,U8API/ppurbill/GetVoucherData,采购管理存事件,采购普通发票件err,服务接口件err,装载单据,装载单据件err,U8API资源管理器/U8API源管理器/采购管理存事件/采购普通发票件err/服务接口件err/装载单据件err,parts/042_d7d4cf8_装载单据件err.txt
043,d7d4f08,OK,U8API/ppurbill/VoucherSave,采购管理存事件,采购普通发票件err,服务接口件err,新增或修改,新增或修改件err,U8API资源管理器/U8API源管理器/采购管理存事件/采购普通发票件err/服务接口件err/新增或修改件err,parts/043_d7d4f08_新增或修改件err.txt
044,d7d5808,OK,U8API/PurBill/Delete,采购管理存事件,采购专用发票件err,服务接口件err,删除单据,删除单据件err,U8API资源管理器/U8API源管理器/采购管理存事件/采购专用发票件err/服务接口件err/删除单据件err,parts/044_d7d5808_删除单据件err.txt
045,d7d5658,OK,U8API/PurBill/GetVoucherData,采购管理存事件,采购专用发票件err,服务接口件err,装载单据,装载单据件err,U8API资源管理器/U8API源管理器/采购管理存事件/采购专用发票件err/服务接口件err/装载单据件err,parts/045_d7d5658_装载单据件err.txt
046,d7d5268,OK,U8API/PurBill/VoucherSave,采购管理存事件,采购专用发票件err,服务接口件err,新增或修改,新增或修改件err,U8API资源管理器/U8API源管理器/采购管理存事件/采购专用发票件err/服务接口件err/新增或修改件err,parts/046_d7d5268_新增或修改件err.txt
047,d7d6018,OK,U8API/PurchaseOrder/CancelconfirmPo,采购管理存事件,采购订单件err,服务接口存事件fterr,弃审订单,弃审订单存事件fterr,U8API资源管理器/U8API源管理器/采购管理存事件/采购订单件err/服务接口存事件fterr/弃审订单存事件fterr,parts/047_d7d6018_弃审订单存事件fterr.txt
048,d7d6198,OK,U8API/PurchaseOrder/ConfirmPO,采购管理存事件,采购订单件err,服务接口存事件fterr,审核订单,审核订单存事件fterr,U8API资源管理器/U8API源管理器/采购管理存事件/采购订单件err/服务接口存事件fterr/审核订单存事件fterr,parts/048_d7d6198_审核订单存事件fterr.txt
049,d7d5e98,OK,U8API/PurchaseOrder/Delete,采购管理存事件,采购订单件err,服务接口存事件fterr,删除单据,删除单据存事件fterr,U8API资源管理器/U8API源管理器/采购管理存事件/采购订单件err/服务接口存事件fterr/删除单据存事件fterr,parts/049_d7d5e98_删除单据存事件fterr.txt
050,d7d6078,OK,U8API/PurchaseOrder/GetVoucherData,采购管理存事件,采购订单件err,服务接口存事件fterr,装载单据,装载单据存事件fterr,U8API资源管理器/U8API源管理器/采购管理存事件/采购订单件err/服务接口存事件fterr/装载单据存事件fterr,parts/050_d7d6078_装载单据存事件fterr.txt
051,d7d61c8,OK,U8API/PurchaseOrder/VoucherSave,采购管理存事件,采购订单件err,服务接口存事件fterr,新增或修改,新增或修改事件fterr,U8API资源管理器/U8API源管理器/采购管理存事件/采购订单件err/服务接口存事件fterr/新增或修改事件fterr,parts/051_d7d61c8_新增或修改事件fterr.txt
052,d7d69a8,OK,U8API/PurchaseRequisition/CancelconfirmApp,采购管理存事件,请购单改事件fterr,服务接口事件事件err,弃审请购单,弃审请购单件事件err,U8API资源管理器/U8API源管理器/采购管理存事件/请购单改事件fterr/服务接口事件事件err/弃审请购单件事件err,parts/052_d7d69a8_弃审请购单件事件err.txt
053,d7d6618,OK,U8API/PurchaseRequisition/ConfirmApp,采购管理存事件,请购单改事件fterr,服务接口事件事件err,审核请购单,审核请购单件事件err,U8API资源管理器/U8API源管理器/采购管理存事件/请购单改事件fterr/服务接口事件事件err/审核请购单件事件err,parts/053_d7d6618_审核请购单件事件err.txt
054,d7d64f8,OK,U8API/PurchaseRequisition/Delete,采购管理存事件,请购单改事件fterr,服务接口事件事件err,删除单据,删除单据件事件err,U8API资源管理器/U8API源管理器/采购管理存事件/请购单改事件fterr/服务接口事件事件err/删除单据件事件err,parts/054_d7d64f8_删除单据件事件err.txt
055,d7d68b8,OK,U8API/PurchaseRequisition/GetVoucherData,采购管理存事件,请购单改事件fterr,服务接口事件事件err,装载单据,装载单据件事件err,U8API资源管理器/U8API源管理器/采购管理存事件/请购单改事件fterr/服务接口事件事件err/装载单据件事件err,parts/055_d7d68b8_装载单据件事件err.txt
056,d7d6678,OK,U8API/PurchaseRequisition/VoucherSave,采购管理存事件,请购单改事件fterr,服务接口事件事件err,新增或修改,新增或修改件事件err,U8API资源管理器/U8API源管理器/采购管理存事件/请购单改事件fterr/服务接口事件事件err/新增或修改件事件err,parts/056_d7d6678_新增或修改件事件err.txt
057,d7d6ac8,OK,U8API/VenInvPrice/ConfirmVenInvPrice,采购管理存事件,供应商存货调价单件err,服务接口价单件err,审核供应商存货调价单,审核供应商存货调价单err,U8API资源管理器/U8API源管理器/采购管理存事件/供应商存货调价单件err/服务接口价单件err/审核供应商存货调价单err,parts/057_d7d6ac8_审核供应商存货调价单err.txt
058,d7d32e8,OK,U8API/ypurbill/Delete,采购管理存事件,采购运费发票调价单err,服务接口调价单err,删除单据,删除单据调价单err,U8API资源管理器/U8API源管理器/采购管理存事件/采购运费发票调价单err/服务接口调价单err/删除单据调价单err,parts/058_d7d32e8_删除单据调价单err.txt
059,d7d3288,OK,U8API/ypurbill/GetVoucherData,采购管理存事件,采购运费发票调价单err,服务接口调价单err,装载单据,装载单据调价单err,U8API资源管理器/U8API源管理器/采购管理存事件/采购运费发票调价单err/服务接口调价单err/装载单据调价单err,parts/059_d7d3288_装载单据调价单err.txt
060,d7d3318,OK,U8API/ypurbill/VoucherSave,采购管理存事件,采购运费发票调价单err,服务接口调价单err,新增或修改,新增或修改调价单err,U8API资源管理器/U8API源管理器/采购管理存事件/采购运费发票调价单err/服务接口调价单err/新增或修改调价单err,parts/060_d7d3318_新增或修改调价单err.txt
061,d7d2f28,OK,U8API/PU/VoucherSave2,采购管理存事件,服务接口调价单err,采购单据保存(外部事务)r,采购单据保存(外部事务),采购单据保存(外部事务)r,U8API资源管理器/U8API源管理器/采购管理存事件/服务接口调价单err/采购单据保存(外部事务)r,parts/061_d7d2f28_采购单据保存(外部事务)r.txt
062,d7d3738,OK,U8API/ArrCheck/VoucherOperate,质量管理存(外部事务)r,来料检验单(外部事务)r,服务接口(外部事务)r,统一接口(外部事务)r,统一接口(外部事务)r,U8API资源管理器/U8API源管理器/质量管理存(外部事务)r/来料检验单(外部事务)r/服务接口(外部事务)r/统一接口(外部事务)r,parts/062_d7d3738_统一接口(外部事务)r.txt
063,d7d3bb8,OK,U8API/ArrInspect/VoucherOperate,质量管理存(外部事务)r,来料报检单(外部事务)r,服务接口(外部事务)r,统一接口(外部事务)r,统一接口(外部事务)r,U8API资源管理器/U8API源管理器/质量管理存(外部事务)r/来料报检单(外部事务)r/服务接口(外部事务)r/统一接口(外部事务)r,parts/063_d7d3bb8_统一接口(外部事务)r.txt
064,d7d7980,OK,U8API/PerCheck/VoucherOperate,质量管理存(外部事务)r,在库检验单单事务)r,服务接口单事务)r,统一接口单事务)r,统一接口单事务)r,U8API资源管理器/U8API源管理器/质量管理存(外部事务)r/在库检验单单事务)r/服务接口单事务)r/统一接口单事务)r,parts/064_d7d7980_统一接口单事务)r.txt
065,d7d7f20,OK,U8API/PerInspect/VoucherOperate,质量管理存(外部事务)r,在库报检单单事务)r,服务接口单事务)r,统一接口单事务)r,统一接口单事务)r,U8API资源管理器/U8API源管理器/质量管理存(外部事务)r/在库报检单单事务)r/服务接口单事务)r/统一接口单事务)r,parts/065_d7d7f20_统一接口单事务)r.txt
066,d7d8910,OK,U8API/ProCheck/VoucherOperate,质量管理存(外部事务)r,产品检验理单事务)r,服务接口理单事务)r,统一接口理单事务)r,统一接口理单事务)r,U8API资源管理器/U8API源管理器/质量管理存(外部事务)r/产品检验理单事务)r/服务接口理单事务)r/统一接口理单事务)r,parts/066_d7d8910_统一接口理单事务)r.txt
067,d7d9060,OK,U8API/ProInspect/VoucherOperate,质量管理存(外部事务)r,产品报检理单事务)r,服务接口理单事务)r,统一接口理单事务)r,统一接口理单事务)r,U8API资源管理器/U8API源管理器/质量管理存(外部事务)r/产品报检理单事务)r/服务接口理单事务)r/统一接口理单事务)r,parts/067_d7d9060_统一接口理单事务)r.txt
068,d7d9420,OK,U8API/Consignment/Audit,销售管理理单事务)r,销售发货单理单事务)r,服务接口事件存日志r,审核或弃审,审核或弃审件存日志r,U8API资源管理器/U8API源管理器/销售管理理单事务)r/销售发货单理单事务)r/服务接口事件存日志r/审核或弃审件存日志r,parts/068_d7d9420_审核或弃审件存日志r.txt
069,d7d9600,OK,U8API/Consignment/Delete,销售管理理单事务)r,销售发货单理单事务)r,服务接口事件存日志r,删除单据,删除单据件存日志r,U8API资源管理器/U8API源管理器/销售管理理单事务)r/销售发货单理单事务)r/服务接口事件存日志r/删除单据件存日志r,parts/069_d7d9600_删除单据件存日志r.txt
070,d7d9480,OK,U8API/Consignment/Load,销售管理理单事务)r,销售发货单理单事务)r,服务接口事件存日志r,装载单据,装载单据件存日志r,U8API资源管理器/U8API源管理器/销售管理理单事务)r/销售发货单理单事务)r/服务接口事件存日志r/装载单据件存日志r,parts/070_d7d9480_装载单据件存日志r.txt
071,d7d9510,OK,U8API/Consignment/Save,销售管理理单事务)r,销售发货单理单事务)r,服务接口事件存日志r,新增或修改,新增或修改件存日志r,U8API资源管理器/U8API源管理器/销售管理理单事务)r/销售发货单理单事务)r/服务接口事件存日志r/新增或修改件存日志r,parts/071_d7d9510_新增或修改件存日志r.txt
072,d7d9a50,OK,U8API/ConsignmentSignIn/Audit,销售管理理单事务)r,销售签回单件存日志r,服务接口件存日志r,审核,审核口件存日志r,U8API资源管理器/U8API源管理器/销售管理理单事务)r/销售签回单件存日志r/服务接口件存日志r/审核口件存日志r,parts/072_d7d9a50_审核口件存日志r.txt
073,d7d9990,OK,U8API/ConsignmentSignIn/Load,销售管理理单事务)r,销售签回单件存日志r,服务接口件存日志r,装载单据,装载单据件存日志r,U8API资源管理器/U8API源管理器/销售管理理单事务)r/销售签回单件存日志r/服务接口件存日志r/装载单据件存日志r,parts/073_d7d9990_装载单据件存日志r.txt
074,d7d9e10,OK,U8API/ConsignmentSignIn/Save,销售管理理单事务)r,销售签回单件存日志r,服务接口件存日志r,新增或修改,新增或修改件存日志r,U8API资源管理器/U8API源管理器/销售管理理单事务)r/销售签回单件存日志r/服务接口件存日志r/新增或修改件存日志r,parts/074_d7d9e10_新增或修改件存日志r.txt
075,d7da3b0,OK,U8API/DelegateConsignment/Audit,销售管理理单事务)r,委托代销发货单存日志r,服务接口单存日志r,审核或弃审,审核或弃审单存日志r,U8API资源管理器/U8API源管理器/销售管理理单事务)r/委托代销发货单存日志r/服务接口单存日志r/审核或弃审单存日志r,parts/075_d7da3b0_审核或弃审单存日志r.txt
076,d7da3e0,OK,U8API/DelegateConsignment/Delete,销售管理理单事务)r,委托代销发货单存日志r,服务接口单存日志r,删除单据,删除单据单存日志r,U8API资源管理器/U8API源管理器/销售管理理单事务)r/委托代销发货单存日志r/服务接口单存日志r/删除单据单存日志r,parts/076_d7da3e0_删除单据单存日志r.txt
077,d7d9f60,OK,U8API/DelegateConsignment/Load,销售管理理单事务)r,委托代销发货单存日志r,服务接口单存日志r,装载单据,装载单据单存日志r,U8API资源管理器/U8API源管理器/销售管理理单事务)r/委托代销发货单存日志r/服务接口单存日志r/装载单据单存日志r,parts/077_d7d9f60_装载单据单存日志r.txt
078,d7d9fc0,OK,U8API/DelegateConsignment/Save,销售管理理单事务)r,委托代销发货单存日志r,服务接口单存日志r,新增或修改,新增或修改单存日志r,U8API资源管理器/U8API源管理器/销售管理理单事务)r/委托代销发货单存日志r/服务接口单存日志r/新增或修改单存日志r,parts/078_d7d9fc0_新增或修改单存日志r.txt
079,d7da7d0,OK,U8API/DelegateReturnOrder/Audit,销售管理理单事务)r,委托代销退货单存日志r,服务接口单存日志r,审核或弃审,审核或弃审单存日志r,U8API资源管理器/U8API源管理器/销售管理理单事务)r/委托代销退货单存日志r/服务接口单存日志r/审核或弃审单存日志r,parts/079_d7da7d0_审核或弃审单存日志r.txt
080,d7da770,OK,U8API/DelegateReturnOrder/Delete,销售管理理单事务)r,委托代销退货单存日志r,服务接口单存日志r,删除单据,删除单据单存日志r,U8API资源管理器/U8API源管理器/销售管理理单事务)r/委托代销退货单存日志r/服务接口单存日志r/删除单据单存日志r,parts/080_d7da770_删除单据单存日志r.txt
081,d7da7a0,OK,U8API/DelegateReturnOrder/Load,销售管理理单事务)r,委托代销退货单存日志r,服务接口单存日志r,装载单据,装载单据单存日志r,U8API资源管理器/U8API源管理器/销售管理理单事务)r/委托代销退货单存日志r/服务接口单存日志r/装载单据单存日志r,parts/081_d7da7a0_装载单据单存日志r.txt
082,d7da800,OK,U8API/DelegateReturnOrder/Save,销售管理理单事务)r,委托代销退货单存日志r,服务接口单存日志r,新增或修改,新增或修改单存日志r,U8API资源管理器/U8API源管理器/销售管理理单事务)r/委托代销退货单存日志r/服务接口单存日志r/新增或修改单存日志r,parts/082_d7da800_新增或修改单存日志r.txt
083,d7db040,OK,U8API/NormalInvoice/Audit,销售管理理单事务)r,普通发票单存日志r,服务接口单存日志r,审核或弃审,审核或弃审单存日志r,U8API资源管理器/U8API源管理器/销售管理理单事务)r/普通发票单存日志r/服务接口单存日志r/审核或弃审单存日志r,parts/083_d7db040_审核或弃审单存日志r.txt
084,d7db5e0,OK,U8API/NormalInvoice/Delete,销售管理理单事务)r,普通发票单存日志r,服务接口单存日志r,删除单据,删除单据单存日志r,U8API资源管理器/U8API源管理器/销售管理理单事务)r/普通发票单存日志r/服务接口单存日志r/删除单据单存日志r,parts/084_d7db5e0_删除单据单存日志r.txt
085,d7db520,OK,U8API/NormalInvoice/Load,销售管理理单事务)r,普通发票单存日志r,服务接口单存日志r,装载单据,装载单据单存日志r,U8API资源管理器/U8API源管理器/销售管理理单事务)r/普通发票单存日志r/服务接口单存日志r/装载单据单存日志r,parts/085_d7db520_装载单据单存日志r.txt
086,d7db550,OK,U8API/NormalInvoice/Save,销售管理理单事务)r,普通发票单存日志r,服务接口单存日志r,新增或修改,新增或修改单存日志r,U8API资源管理器/U8API源管理器/销售管理理单事务)r/普通发票单存日志r/服务接口单存日志r/新增或修改单存日志r,parts/086_d7db550_新增或修改单存日志r.txt
087,d7db0a0,OK,U8API/RedNormalInvoice/Audit,销售管理理单事务)r,红字普通发票存日志r,服务接口存日志r,审核或弃审,审核或弃审存日志r,U8API资源管理器/U8API源管理器/销售管理理单事务)r/红字普通发票存日志r/服务接口存日志r/审核或弃审存日志r,parts/087_d7db0a0_审核或弃审存日志r.txt
088,d7db0d0,OK,U8API/RedNormalInvoice/Delete,销售管理理单事务)r,红字普通发票存日志r,服务接口存日志r,删除单据,删除单据存日志r,U8API资源管理器/U8API源管理器/销售管理理单事务)r/红字普通发票存日志r/服务接口存日志r/删除单据存日志r,parts/088_d7db0d0_删除单据存日志r.txt
089,d7db130,OK,U8API/RedNormalInvoice/Load,销售管理理单事务)r,红字普通发票存日志r,服务接口存日志r,装载单据,装载单据存日志r,U8API资源管理器/U8API源管理器/销售管理理单事务)r/红字普通发票存日志r/服务接口存日志r/装载单据存日志r,parts/089_d7db130_装载单据存日志r.txt
090,d7db310,OK,U8API/RedNormalInvoice/Save,销售管理理单事务)r,红字普通发票存日志r,服务接口存日志r,新增或修改,新增或修改存日志r,U8API资源管理器/U8API源管理器/销售管理理单事务)r/红字普通发票存日志r/服务接口存日志r/新增或修改存日志r,parts/090_d7db310_新增或修改存日志r.txt
091,d7dbbe0,OK,U8API/RedRetaildailyreport/Audit,销售管理理单事务)r,红字零售日报存日志r,服务接口存日志r,审核或弃审,审核或弃审存日志r,U8API资源管理器/U8API源管理器/销售管理理单事务)r/红字零售日报存日志r/服务接口存日志r/审核或弃审存日志r,parts/091_d7dbbe0_审核或弃审存日志r.txt
092,d7dbc10,OK,U8API/RedRetaildailyreport/Delete,销售管理理单事务)r,红字零售日报存日志r,服务接口存日志r,删除单据,删除单据存日志r,U8API资源管理器/U8API源管理器/销售管理理单事务)r/红字零售日报存日志r/服务接口存日志r/删除单据存日志r,parts/092_d7dbc10_删除单据存日志r.txt
093,d7dbc40,OK,U8API/RedRetaildailyreport/Load,销售管理理单事务)r,红字零售日报存日志r,服务接口存日志r,装载单据,装载单据存日志r,U8API资源管理器/U8API源管理器/销售管理理单事务)r/红字零售日报存日志r/服务接口存日志r/装载单据存日志r,parts/093_d7dbc40_装载单据存日志r.txt
094,d7db7c0,OK,U8API/RedRetaildailyreport/Save,销售管理理单事务)r,红字零售日报存日志r,服务接口存日志r,新增或修改,新增或修改存日志r,U8API资源管理器/U8API源管理器/销售管理理单事务)r/红字零售日报存日志r/服务接口存日志r/新增或修改存日志r,parts/094_d7db7c0_新增或修改存日志r.txt
095,d7dc0f0,OK,U8API/RedSpecialInvoice/Audit,销售管理理单事务)r,红字专用发票存日志r,服务接口存日志r,审核或弃审,审核或弃审存日志r,U8API资源管理器/U8API源管理器/销售管理理单事务)r/红字专用发票存日志r/服务接口存日志r/审核或弃审存日志r,parts/095_d7dc0f0_审核或弃审存日志r.txt
096,d7dbe20,OK,U8API/RedSpecialInvoice/Delete,销售管理理单事务)r,红字专用发票存日志r,服务接口存日志r,删除单据,删除单据存日志r,U8API资源管理器/U8API源管理器/销售管理理单事务)r/红字专用发票存日志r/服务接口存日志r/删除单据存日志r,parts/096_d7dbe20_删除单据存日志r.txt
097,d7dbe50,OK,U8API/RedSpecialInvoice/Load,销售管理理单事务)r,红字专用发票存日志r,服务接口存日志r,装载单据,装载单据存日志r,U8API资源管理器/U8API源管理器/销售管理理单事务)r/红字专用发票存日志r/服务接口存日志r/装载单据存日志r,parts/097_d7dbe50_装载单据存日志r.txt
098,d7dc120,OK,U8API/RedSpecialInvoice/Save,销售管理理单事务)r,红字专用发票存日志r,服务接口存日志r,新增或修改,新增或修改存日志r,U8API资源管理器/U8API源管理器/销售管理理单事务)r/红字专用发票存日志r/服务接口存日志r/新增或修改存日志r,parts/098_d7dc120_新增或修改存日志r.txt
099,d7dc6c0,OK,U8API/Retaildailyreport/Audit,销售管理理单事务)r,零售日报存日志r,服务接口存日志r,审核或弃审,审核或弃审存日志r,U8API资源管理器/U8API源管理器/销售管理理单事务)r/零售日报存日志r/服务接口存日志r/审核或弃审存日志r,parts/099_d7dc6c0_审核或弃审存日志r.txt
100,d7dc360,OK,U8API/Retaildailyreport/Delete,销售管理理单事务)r,零售日报存日志r,服务接口存日志r,删除单据,删除单据存日志r,U8API资源管理器/U8API源管理器/销售管理理单事务)r/零售日报存日志r/服务接口存日志r/删除单据存日志r,parts/100_d7dc360_删除单据存日志r.txt
101,d7dc660,OK,U8API/Retaildailyreport/Load,销售管理理单事务)r,零售日报存日志r,服务接口存日志r,装载单据,装载单据存日志r,U8API资源管理器/U8API源管理器/销售管理理单事务)r/零售日报存日志r/服务接口存日志r/装载单据存日志r,parts/101_d7dc660_装载单据存日志r.txt
102,d7dc480,OK,U8API/Retaildailyreport/Save,销售管理理单事务)r,零售日报存日志r,服务接口存日志r,新增或修改,新增或修改存日志r,U8API资源管理器/U8API源管理器/销售管理理单事务)r/零售日报存日志r/服务接口存日志r/新增或修改存日志r,parts/102_d7dc480_新增或修改存日志r.txt
103,d7dc9c0,OK,U8API/ReturnOrder/Audit,销售管理理单事务)r,退货单改存日志r,服务接口事件日志r,审核或弃审,审核或弃审件日志r,U8API资源管理器/U8API源管理器/销售管理理单事务)r/退货单改存日志r/服务接口事件日志r/审核或弃审件日志r,parts/103_d7dc9c0_审核或弃审件日志r.txt
104,d7dcbd0,OK,U8API/ReturnOrder/Delete,销售管理理单事务)r,退货单改存日志r,服务接口事件日志r,删除单据,删除单据件日志r,U8API资源管理器/U8API源管理器/销售管理理单事务)r/退货单改存日志r/服务接口事件日志r/删除单据件日志r,parts/104_d7dcbd0_删除单据件日志r.txt
105,d7dcc00,OK,U8API/ReturnOrder/Load,销售管理理单事务)r,退货单改存日志r,服务接口事件日志r,装载单据,装载单据件日志r,U8API资源管理器/U8API源管理器/销售管理理单事务)r/退货单改存日志r/服务接口事件日志r/装载单据件日志r,parts/105_d7dcc00_装载单据件日志r.txt
106,d7dcc90,OK,U8API/ReturnOrder/Save,销售管理理单事务)r,退货单改存日志r,服务接口事件日志r,新增或修改,新增或修改件日志r,U8API资源管理器/U8API源管理器/销售管理理单事务)r/退货单改存日志r/服务接口事件日志r/新增或修改件日志r,parts/106_d7dcc90_新增或修改件日志r.txt
107,d7dd950,OK,U8API/SaleOrder/Audit,销售管理理单事务)r,销售订单件日志r,服务接口锁日志志r,审核或弃审,审核或弃审日志志r,U8API资源管理器/U8API源管理器/销售管理理单事务)r/销售订单件日志r/服务接口锁日志志r/审核或弃审日志志r,parts/107_d7dd950_审核或弃审日志志r.txt
108,d7dd6e0,OK,U8API/SaleOrder/Delete,销售管理理单事务)r,销售订单件日志r,服务接口锁日志志r,删除单据,删除单据日志志r,U8API资源管理器/U8API源管理器/销售管理理单事务)r/销售订单件日志r/服务接口锁日志志r/删除单据日志志r,parts/108_d7dd6e0_删除单据日志志r.txt
109,d7dd980,OK,U8API/SaleOrder/Load,销售管理理单事务)r,销售订单件日志r,服务接口锁日志志r,装载单据,装载单据日志志r,U8API资源管理器/U8API源管理器/销售管理理单事务)r/销售订单件日志r/服务接口锁日志志r/装载单据日志志r,parts/109_d7dd980_装载单据日志志r.txt
110,d7dd740,OK,U8API/SaleOrder/Save,销售管理理单事务)r,销售订单件日志r,服务接口锁日志志r,新增或修改,新增或修改日志志r,U8API资源管理器/U8API源管理器/销售管理理单事务)r/销售订单件日志r/服务接口锁日志志r/新增或修改日志志r,parts/110_d7dd740_新增或修改日志志r.txt
111,d7dd890,OK,U8API/SaleOrder/Lock,销售管理理单事务)r,销售订单件日志r,服务接口锁日志志r,锁定或解锁日志志r,锁定或解锁日志志r,U8API资源管理器/U8API源管理器/销售管理理单事务)r/销售订单件日志r/服务接口锁日志志r/锁定或解锁日志志r,parts/111_d7dd890_锁定或解锁日志志r.txt
112,d7dd9b0,OK,U8API/SaleOrder/Close,销售管理理单事务)r,销售订单件日志r,服务接口锁日志志r,关闭或打开,关闭或打开日志志r,U8API资源管理器/U8API源管理器/销售管理理单事务)r/销售订单件日志r/服务接口锁日志志r/关闭或打开日志志r,parts/112_d7dd9b0_关闭或打开日志志r.txt
113,d7ddda0,OK,U8API/SaleQuotation/Audit,销售管理理单事务)r,销售报价单日志志r,服务接口存日志志r,审核或弃审,审核或弃审存日志志r,U8API资源管理器/U8API源管理器/销售管理理单事务)r/销售报价单日志志r/服务接口存日志志r/审核或弃审存日志志r,parts/113_d7ddda0_审核或弃审存日志志r.txt
114,d7dde00,OK,U8API/SaleQuotation/Delete,销售管理理单事务)r,销售报价单日志志r,服务接口存日志志r,删除单据,删除单据存日志志r,U8API资源管理器/U8API源管理器/销售管理理单事务)r/销售报价单日志志r/服务接口存日志志r/删除单据存日志志r,parts/114_d7dde00_删除单据存日志志r.txt
115,d7de340,OK,U8API/SaleQuotation/Load,销售管理理单事务)r,销售报价单日志志r,服务接口存日志志r,装载单据,装载单据存日志志r,U8API资源管理器/U8API源管理器/销售管理理单事务)r/销售报价单日志志r/服务接口存日志志r/装载单据存日志志r,parts/115_d7de340_装载单据存日志志r.txt
116,d7de3d0,OK,U8API/SaleQuotation/Save,销售管理理单事务)r,销售报价单日志志r,服务接口存日志志r,新增或修改,新增或修改存日志志r,U8API资源管理器/U8API源管理器/销售管理理单事务)r/销售报价单日志志r/服务接口存日志志r/新增或修改存日志志r,parts/116_d7de3d0_新增或修改存日志志r.txt
117,d7dec10,OK,U8API/SpecialInvoice/Audit,销售管理理单事务)r,专用发票存日志志r,服务接口存日志志r,审核或弃审,审核或弃审存日志志r,U8API资源管理器/U8API源管理器/销售管理理单事务)r/专用发票存日志志r/服务接口存日志志r/审核或弃审存日志志r,parts/117_d7dec10_审核或弃审存日志志r.txt
118,d7de6d0,OK,U8API/SpecialInvoice/Delete,销售管理理单事务)r,专用发票存日志志r,服务接口存日志志r,删除单据,删除单据存日志志r,U8API资源管理器/U8API源管理器/销售管理理单事务)r/专用发票存日志志r/服务接口存日志志r/删除单据存日志志r,parts/118_d7de6d0_删除单据存日志志r.txt
119,d7de730,OK,U8API/SpecialInvoice/Load,销售管理理单事务)r,专用发票存日志志r,服务接口存日志志r,装载单据,装载单据存日志志r,U8API资源管理器/U8API源管理器/销售管理理单事务)r/专用发票存日志志r/服务接口存日志志r/装载单据存日志志r,parts/119_d7de730_装载单据存日志志r.txt
120,d7de880,OK,U8API/SpecialInvoice/Save,销售管理理单事务)r,专用发票存日志志r,服务接口存日志志r,新增或修改,新增或修改存日志志r,U8API资源管理器/U8API源管理器/销售管理理单事务)r/专用发票存日志志r/服务接口存日志志r/新增或修改存日志志r,parts/120_d7de880_新增或修改存日志志r.txt
121,d7deb50,OK,U8API/SA/SAVoucher_Audit,销售管理理单事务)r,服务接口存日志志r,销售单据审核或弃审志r,销售单据审核或弃审,销售单据审核或弃审志r,U8API资源管理器/U8API源管理器/销售管理理单事务)r/服务接口存日志志r/销售单据审核或弃审志r,parts/121_d7deb50_销售单据审核或弃审志r.txt
122,d7de7c0,OK,U8API/SA/SAVoucher_Delete,销售管理理单事务)r,服务接口存日志志r,销售单据删除弃审志r,销售单据删除,销售单据删除弃审志r,U8API资源管理器/U8API源管理器/销售管理理单事务)r/服务接口存日志志r/销售单据删除弃审志r,parts/122_d7de7c0_销售单据删除弃审志r.txt
123,d7dea30,OK,U8API/SA/SAVoucher_Load,销售管理理单事务)r,服务接口存日志志r,销售单据装载弃审志r,销售单据装载,销售单据装载弃审志r,U8API资源管理器/U8API源管理器/销售管理理单事务)r/服务接口存日志志r/销售单据装载弃审志r,parts/123_d7dea30_销售单据装载弃审志r.txt
124,d7de820,OK,U8API/SA/SAVoucher_Save,销售管理理单事务)r,服务接口存日志志r,销售单据新增和修改志r,销售单据新增和修改,销售单据新增和修改志r,U8API资源管理器/U8API源管理器/销售管理理单事务)r/服务接口存日志志r/销售单据新增和修改志r,parts/124_d7de820_销售单据新增和修改志r.txt
125,d7ced88,OK,U8API/checkvouch/Add,库存管理增和修改志r,盘点单增和修改志r,服务接口和修改志r,添加新单据,添加新单据和修改志r,U8API资源管理器/U8API源管理器/库存管理增和修改志r/盘点单增和修改志r/服务接口和修改志r/添加新单据和修改志r,parts/125_d7ced88_添加新单据和修改志r.txt
126,d87e9e0,OK,U8API/checkvouch/Audit,库存管理增和修改志r,盘点单增和修改志r,服务接口和修改志r,审核单据,审核单据和修改志r,U8API资源管理器/U8API源管理器/库存管理增和修改志r/盘点单增和修改志r/服务接口和修改志r/审核单据和修改志r,parts/126_d87e9e0_审核单据和修改志r.txt
127,d87ebc0,OK,U8API/checkvouch/CancelAudit,库存管理增和修改志r,盘点单增和修改志r,服务接口和修改志r,弃审单据,弃审单据和修改志r,U8API资源管理器/U8API源管理器/库存管理增和修改志r/盘点单增和修改志r/服务接口和修改志r/弃审单据和修改志r,parts/127_d87ebc0_弃审单据和修改志r.txt
128,d87e770,OK,U8API/checkvouch/Delete,库存管理增和修改志r,盘点单增和修改志r,服务接口和修改志r,删除单据,删除单据和修改志r,U8API资源管理器/U8API源管理器/库存管理增和修改志r/盘点单增和修改志r/服务接口和修改志r/删除单据和修改志r,parts/128_d87e770_删除单据和修改志r.txt
129,d87e7d0,OK,U8API/checkvouch/Load,库存管理增和修改志r,盘点单增和修改志r,服务接口和修改志r,装载单据,装载单据和修改志r,U8API资源管理器/U8API源管理器/库存管理增和修改志r/盘点单增和修改志r/服务接口和修改志r/装载单据和修改志r,parts/129_d87e7d0_装载单据和修改志r.txt
130,d87e920,OK,U8API/checkvouch/Update,库存管理增和修改志r,盘点单增和修改志r,服务接口和修改志r,修改单据,修改单据和修改志r,U8API资源管理器/U8API源管理器/库存管理增和修改志r/盘点单增和修改志r/服务接口和修改志r/修改单据和修改志r,parts/130_d87e920_修改单据和修改志r.txt
131,d87ed10,OK,U8API/GroupVouch/Add,库存管理增和修改志r,组装单和修改志r,服务接口和修改志r,添加新单据,添加新单据和修改志r,U8API资源管理器/U8API源管理器/库存管理增和修改志r/组装单和修改志r/服务接口和修改志r/添加新单据和修改志r,parts/131_d87ed10_添加新单据和修改志r.txt
132,d87ef80,OK,U8API/GroupVouch/Audit,库存管理增和修改志r,组装单和修改志r,服务接口和修改志r,审核单据,审核单据和修改志r,U8API资源管理器/U8API源管理器/库存管理增和修改志r/组装单和修改志r/服务接口和修改志r/审核单据和修改志r,parts/132_d87ef80_审核单据和修改志r.txt
133,d87f190,OK,U8API/GroupVouch/CancelAudit,库存管理增和修改志r,组装单和修改志r,服务接口和修改志r,弃审单据,弃审单据和修改志r,U8API资源管理器/U8API源管理器/库存管理增和修改志r/组装单和修改志r/服务接口和修改志r/弃审单据和修改志r,parts/133_d87f190_弃审单据和修改志r.txt
134,d87efb0,OK,U8API/GroupVouch/Delete,库存管理增和修改志r,组装单和修改志r,服务接口和修改志r,删除单据,删除单据和修改志r,U8API资源管理器/U8API源管理器/库存管理增和修改志r/组装单和修改志r/服务接口和修改志r/删除单据和修改志r,parts/134_d87efb0_删除单据和修改志r.txt
135,d87eec0,OK,U8API/GroupVouch/Load,库存管理增和修改志r,组装单和修改志r,服务接口和修改志r,装载单据,装载单据和修改志r,U8API资源管理器/U8API源管理器/库存管理增和修改志r/组装单和修改志r/服务接口和修改志r/装载单据和修改志r,parts/135_d87eec0_装载单据和修改志r.txt
136,d87ef50,OK,U8API/GroupVouch/Update,库存管理增和修改志r,组装单和修改志r,服务接口和修改志r,修改单据,修改单据和修改志r,U8API资源管理器/U8API源管理器/库存管理增和修改志r/组装单和修改志r/服务接口和修改志r/修改单据和修改志r,parts/136_d87ef50_修改单据和修改志r.txt
137,d87ee60,OK,U8API/matchvouch/Add,库存管理增和修改志r,限额领料单和修改志r,服务接口和修改志r,添加新单据,添加新单据和修改志r,U8API资源管理器/U8API源管理器/库存管理增和修改志r/限额领料单和修改志r/服务接口和修改志r/添加新单据和修改志r,parts/137_d87ee60_添加新单据和修改志r.txt
138,d87f130,OK,U8API/matchvouch/Audit,库存管理增和修改志r,限额领料单和修改志r,服务接口和修改志r,审核单据,审核单据和修改志r,U8API资源管理器/U8API源管理器/库存管理增和修改志r/限额领料单和修改志r/服务接口和修改志r/审核单据和修改志r,parts/138_d87f130_审核单据和修改志r.txt
139,d87f160,OK,U8API/matchvouch/Delete,库存管理增和修改志r,限额领料单和修改志r,服务接口和修改志r,删除单据,删除单据和修改志r,U8API资源管理器/U8API源管理器/库存管理增和修改志r/限额领料单和修改志r/服务接口和修改志r/删除单据和修改志r,parts/139_d87f160_删除单据和修改志r.txt
140,d87f1c0,OK,U8API/matchvouch/Load,库存管理增和修改志r,限额领料单和修改志r,服务接口和修改志r,装载单据,装载单据和修改志r,U8API资源管理器/U8API源管理器/库存管理增和修改志r/限额领料单和修改志r/服务接口和修改志r/装载单据和修改志r,parts/140_d87f1c0_装载单据和修改志r.txt
141,d87ee90,OK,U8API/matchvouch/SplitVouch,库存管理增和修改志r,限额领料单和修改志r,服务接口和修改志r,分单,分单据和修改志r,U8API资源管理器/U8API源管理器/库存管理增和修改志r/限额领料单和修改志r/服务接口和修改志r/分单据和修改志r,parts/141_d87ee90_分单据和修改志r.txt
142,d87ec50,OK,U8API/matchvouch/Update,库存管理增和修改志r,限额领料单和修改志r,服务接口和修改志r,修改单据:签收，领料都调用此接口,修改单据:签收，领料都调用此接口,U8API资源管理器/U8API源管理器/库存管理增和修改志r/限额领料单和修改志r/服务接口和修改志r/修改单据:签收，领料都调用此接口,parts/142_d87ec50_修改单据_签收，领料都调用此接口.txt
143,d87f5e0,OK,U8API/materialapp/Add,库存管理增和修改志r,领料申请单收，领料都调用此接口,服务接口收，领料都调用此接口,添加新单据,添加新单据收，领料都调用此接口,U8API资源管理器/U8API源管理器/库存管理增和修改志r/领料申请单收，领料都调用此接口/服务接口收，领料都调用此接口/添加新单据收，领料都调用此接口,parts/143_d87f5e0_添加新单据收，领料都调用此接口.txt
144,d87f340,OK,U8API/materialapp/Audit,库存管理增和修改志r,领料申请单收，领料都调用此接口,服务接口收，领料都调用此接口,审核单据,审核单据收，领料都调用此接口,U8API资源管理器/U8API源管理器/库存管理增和修改志r/领料申请单收，领料都调用此接口/服务接口收，领料都调用此接口/审核单据收，领料都调用此接口,parts/144_d87f340_审核单据收，领料都调用此接口.txt
145,d87f3d0,OK,U8API/materialapp/CancelAudit,库存管理增和修改志r,领料申请单收，领料都调用此接口,服务接口收，领料都调用此接口,弃审单据,弃审单据收，领料都调用此接口,U8API资源管理器/U8API源管理器/库存管理增和修改志r/领料申请单收，领料都调用此接口/服务接口收，领料都调用此接口/弃审单据收，领料都调用此接口,parts/145_d87f3d0_弃审单据收，领料都调用此接口.txt
146,d87f4c0,OK,U8API/materialapp/Delete,库存管理增和修改志r,领料申请单收，领料都调用此接口,服务接口收，领料都调用此接口,删除单据,删除单据收，领料都调用此接口,U8API资源管理器/U8API源管理器/库存管理增和修改志r/领料申请单收，领料都调用此接口/服务接口收，领料都调用此接口/删除单据收，领料都调用此接口,parts/146_d87f4c0_删除单据收，领料都调用此接口.txt
147,d87f6d0,OK,U8API/materialapp/Load,库存管理增和修改志r,领料申请单收，领料都调用此接口,服务接口收，领料都调用此接口,装载单据,装载单据收，领料都调用此接口,U8API资源管理器/U8API源管理器/库存管理增和修改志r/领料申请单收，领料都调用此接口/服务接口收，领料都调用此接口/装载单据收，领料都调用此接口,parts/147_d87f6d0_装载单据收，领料都调用此接口.txt
148,d87f610,OK,U8API/materialapp/Update,库存管理增和修改志r,领料申请单收，领料都调用此接口,服务接口收，领料都调用此接口,修改单据,修改单据收，领料都调用此接口,U8API资源管理器/U8API源管理器/库存管理增和修改志r/领料申请单收，领料都调用此接口/服务接口收，领料都调用此接口/修改单据收，领料都调用此接口,parts/148_d87f610_修改单据收，领料都调用此接口.txt
149,d8802d0,OK,U8API/MaterialOut/Add,库存管理增和修改志r,材料出库单收，领料都调用此接口,服务接口保存事件调用此接口,添加新单据,添加新单据存事件调用此接口,U8API资源管理器/U8API源管理器/库存管理增和修改志r/材料出库单收，领料都调用此接口/服务接口保存事件调用此接口/添加新单据存事件调用此接口,parts/149_d8802d0_添加新单据存事件调用此接口.txt
150,d87ff10,OK,U8API/MaterialOut/Audit,库存管理增和修改志r,材料出库单收，领料都调用此接口,服务接口保存事件调用此接口,审核单据,审核单据存事件调用此接口,U8API资源管理器/U8API源管理器/库存管理增和修改志r/材料出库单收，领料都调用此接口/服务接口保存事件调用此接口/审核单据存事件调用此接口,parts/150_d87ff10_审核单据存事件调用此接口.txt
151,d87ffd0,OK,U8API/MaterialOut/CancelAudit,库存管理增和修改志r,材料出库单收，领料都调用此接口,服务接口保存事件调用此接口,弃审单据,弃审单据存事件调用此接口,U8API资源管理器/U8API源管理器/库存管理增和修改志r/材料出库单收，领料都调用此接口/服务接口保存事件调用此接口/弃审单据存事件调用此接口,parts/151_d87ffd0_弃审单据存事件调用此接口.txt
152,d880000,OK,U8API/MaterialOut/Delete,库存管理增和修改志r,材料出库单收，领料都调用此接口,服务接口保存事件调用此接口,删除单据,删除单据存事件调用此接口,U8API资源管理器/U8API源管理器/库存管理增和修改志r/材料出库单收，领料都调用此接口/服务接口保存事件调用此接口/删除单据存事件调用此接口,parts/152_d880000_删除单据存事件调用此接口.txt
153,d880240,OK,U8API/MaterialOut/Load,库存管理增和修改志r,材料出库单收，领料都调用此接口,服务接口保存事件调用此接口,装载单据,装载单据存事件调用此接口,U8API资源管理器/U8API源管理器/库存管理增和修改志r/材料出库单收，领料都调用此接口/服务接口保存事件调用此接口/装载单据存事件调用此接口,parts/153_d880240_装载单据存事件调用此接口.txt
154,d8801b0,OK,U8API/MaterialOut/Update,库存管理增和修改志r,材料出库单收，领料都调用此接口,服务接口保存事件调用此接口,修改单据,修改单据存事件调用此接口,U8API资源管理器/U8API源管理器/库存管理增和修改志r/材料出库单收，领料都调用此接口/服务接口保存事件调用此接口/修改单据存事件调用此接口,parts/154_d8801b0_修改单据存事件调用此接口.txt
155,d8808a0,OK,U8API/otherin/Add,库存管理增和修改志r,其他入库单存事件调用此接口,服务接口除后事件调用此接口,添加新单据,添加新单据除后事件调用此接口,U8API资源管理器/U8API源管理器/库存管理增和修改志r/其他入库单存事件调用此接口/服务接口除后事件调用此接口/添加新单据除后事件调用此接口,parts/155_d8808a0_添加新单据除后事件调用此接口.txt
156,d880420,OK,U8API/otherin/Audit,库存管理增和修改志r,其他入库单存事件调用此接口,服务接口除后事件调用此接口,审核单据,审核单据除后事件调用此接口,U8API资源管理器/U8API源管理器/库存管理增和修改志r/其他入库单存事件调用此接口/服务接口除后事件调用此接口/审核单据除后事件调用此接口,parts/156_d880420_审核单据除后事件调用此接口.txt
157,d8807e0,OK,U8API/otherin/CancelAudit,库存管理增和修改志r,其他入库单存事件调用此接口,服务接口除后事件调用此接口,弃审单据,弃审单据除后事件调用此接口,U8API资源管理器/U8API源管理器/库存管理增和修改志r/其他入库单存事件调用此接口/服务接口除后事件调用此接口/弃审单据除后事件调用此接口,parts/157_d8807e0_弃审单据除后事件调用此接口.txt
158,d8805a0,OK,U8API/otherin/Delete,库存管理增和修改志r,其他入库单存事件调用此接口,服务接口除后事件调用此接口,删除单据,删除单据除后事件调用此接口,U8API资源管理器/U8API源管理器/库存管理增和修改志r/其他入库单存事件调用此接口/服务接口除后事件调用此接口/删除单据除后事件调用此接口,parts/158_d8805a0_删除单据除后事件调用此接口.txt
159,d880660,OK,U8API/otherin/Load,库存管理增和修改志r,其他入库单存事件调用此接口,服务接口除后事件调用此接口,装载单据,装载单据除后事件调用此接口,U8API资源管理器/U8API源管理器/库存管理增和修改志r/其他入库单存事件调用此接口/服务接口除后事件调用此接口/装载单据除后事件调用此接口,parts/159_d880660_装载单据除后事件调用此接口.txt
160,d880810,OK,U8API/otherin/Update,库存管理增和修改志r,其他入库单存事件调用此接口,服务接口除后事件调用此接口,修改单据,修改单据除后事件调用此接口,U8API资源管理器/U8API源管理器/库存管理增和修改志r/其他入库单存事件调用此接口/服务接口除后事件调用此接口/修改单据除后事件调用此接口,parts/160_d880810_修改单据除后事件调用此接口.txt
161,d880ba0,OK,U8API/otherout/Add,库存管理增和修改志r,其他出库单除后事件调用此接口,服务接口除后事件调用此接口,添加新单据,添加新单据除后事件调用此接口,U8API资源管理器/U8API源管理器/库存管理增和修改志r/其他出库单除后事件调用此接口/服务接口除后事件调用此接口/添加新单据除后事件调用此接口,parts/161_d880ba0_添加新单据除后事件调用此接口.txt
162,d880de0,OK,U8API/otherout/Audit,库存管理增和修改志r,其他出库单除后事件调用此接口,服务接口除后事件调用此接口,审核单据,审核单据除后事件调用此接口,U8API资源管理器/U8API源管理器/库存管理增和修改志r/其他出库单除后事件调用此接口/服务接口除后事件调用此接口/审核单据除后事件调用此接口,parts/162_d880de0_审核单据除后事件调用此接口.txt
163,d880a80,OK,U8API/otherout/CancelAudit,库存管理增和修改志r,其他出库单除后事件调用此接口,服务接口除后事件调用此接口,弃审单据,弃审单据除后事件调用此接口,U8API资源管理器/U8API源管理器/库存管理增和修改志r/其他出库单除后事件调用此接口/服务接口除后事件调用此接口/弃审单据除后事件调用此接口,parts/163_d880a80_弃审单据除后事件调用此接口.txt
164,d880ae0,OK,U8API/otherout/Delete,库存管理增和修改志r,其他出库单除后事件调用此接口,服务接口除后事件调用此接口,删除单据,删除单据除后事件调用此接口,U8API资源管理器/U8API源管理器/库存管理增和修改志r/其他出库单除后事件调用此接口/服务接口除后事件调用此接口/删除单据除后事件调用此接口,parts/164_d880ae0_删除单据除后事件调用此接口.txt
165,d880cf0,OK,U8API/otherout/Load,库存管理增和修改志r,其他出库单除后事件调用此接口,服务接口除后事件调用此接口,装载单据,装载单据除后事件调用此接口,U8API资源管理器/U8API源管理器/库存管理增和修改志r/其他出库单除后事件调用此接口/服务接口除后事件调用此接口/装载单据除后事件调用此接口,parts/165_d880cf0_装载单据除后事件调用此接口.txt
166,d880c30,OK,U8API/otherout/Load,库存管理增和修改志r,其他出库单除后事件调用此接口,服务接口除后事件调用此接口,装载单据,修改单据除后事件调用此接口,U8API资源管理器/U8API源管理器/库存管理增和修改志r/其他出库单除后事件调用此接口/服务接口除后事件调用此接口/修改单据除后事件调用此接口,parts/166_d880c30_修改单据除后事件调用此接口.txt
167,d881110,OK,U8API/otherout/Update,库存管理增和修改志r,产成品入库单后事件调用此接口,服务接口后事件调用此接口,修改单据,添加新单据后事件调用此接口,U8API资源管理器/U8API源管理器/库存管理增和修改志r/产成品入库单后事件调用此接口/服务接口后事件调用此接口/添加新单据后事件调用此接口,parts/167_d881110_添加新单据后事件调用此接口.txt
168,d8811a0,OK,U8API/ProductIn/Audit,库存管理增和修改志r,产成品入库单后事件调用此接口,服务接口后事件调用此接口,审核单据,审核单据后事件调用此接口,U8API资源管理器/U8API源管理器/库存管理增和修改志r/产成品入库单后事件调用此接口/服务接口后事件调用此接口/审核单据后事件调用此接口,parts/168_d8811a0_审核单据后事件调用此接口.txt
169,d881530,OK,U8API/ProductIn/CancelAudit,库存管理增和修改志r,产成品入库单后事件调用此接口,服务接口后事件调用此接口,弃审单据,弃审单据后事件调用此接口,U8API资源管理器/U8API源管理器/库存管理增和修改志r/产成品入库单后事件调用此接口/服务接口后事件调用此接口/弃审单据后事件调用此接口,parts/169_d881530_弃审单据后事件调用此接口.txt
170,d881200,OK,U8API/ProductIn/Delete,库存管理增和修改志r,产成品入库单后事件调用此接口,服务接口后事件调用此接口,删除单据,删除单据后事件调用此接口,U8API资源管理器/U8API源管理器/库存管理增和修改志r/产成品入库单后事件调用此接口/服务接口后事件调用此接口/删除单据后事件调用此接口,parts/170_d881200_删除单据后事件调用此接口.txt
171,d881560,OK,U8API/ProductIn/Load,库存管理增和修改志r,产成品入库单后事件调用此接口,服务接口后事件调用此接口,装载单据,装载单据后事件调用此接口,U8API资源管理器/U8API源管理器/库存管理增和修改志r/产成品入库单后事件调用此接口/服务接口后事件调用此接口/装载单据后事件调用此接口,parts/171_d881560_装载单据后事件调用此接口.txt
172,d881230,OK,U8API/ProductIn/Update,库存管理增和修改志r,产成品入库单后事件调用此接口,服务接口后事件调用此接口,修改单据,修改单据后事件调用此接口,U8API资源管理器/U8API源管理器/库存管理增和修改志r/产成品入库单后事件调用此接口/服务接口后事件调用此接口/修改单据后事件调用此接口,parts/172_d881230_修改单据后事件调用此接口.txt
173,d881ad0,OK,U8API/PuStoreIn/Add,库存管理增和修改志r,采购入库单后事件调用此接口,服务接口保存前事件调用此接口,添加新单据,添加新单据存前事件调用此接口,U8API资源管理器/U8API源管理器/库存管理增和修改志r/采购入库单后事件调用此接口/服务接口保存前事件调用此接口/添加新单据存前事件调用此接口,parts/173_d881ad0_添加新单据存前事件调用此接口.txt
174,d881680,OK,U8API/PuStoreIn/Audit,库存管理增和修改志r,采购入库单后事件调用此接口,服务接口保存前事件调用此接口,审核单据,审核单据存前事件调用此接口,U8API资源管理器/U8API源管理器/库存管理增和修改志r/采购入库单后事件调用此接口/服务接口保存前事件调用此接口/审核单据存前事件调用此接口,parts/174_d881680_审核单据存前事件调用此接口.txt
175,d881f20,OK,U8API/PuStoreIn/CancelAudit,库存管理增和修改志r,采购入库单后事件调用此接口,服务接口保存前事件调用此接口,弃审单据,弃审单据存前事件调用此接口,U8API资源管理器/U8API源管理器/库存管理增和修改志r/采购入库单后事件调用此接口/服务接口保存前事件调用此接口/弃审单据存前事件调用此接口,parts/175_d881f20_弃审单据存前事件调用此接口.txt
176,d882160,OK,U8API/PuStoreIn/Delete,库存管理增和修改志r,采购入库单后事件调用此接口,服务接口保存前事件调用此接口,删除单据,删除单据存前事件调用此接口,U8API资源管理器/U8API源管理器/库存管理增和修改志r/采购入库单后事件调用此接口/服务接口保存前事件调用此接口/删除单据存前事件调用此接口,parts/176_d882160_删除单据存前事件调用此接口.txt
177,d8820d0,OK,U8API/PuStoreIn/Load,库存管理增和修改志r,采购入库单后事件调用此接口,服务接口保存前事件调用此接口,装载单据,装载单据存前事件调用此接口,U8API资源管理器/U8API源管理器/库存管理增和修改志r/采购入库单后事件调用此接口/服务接口保存前事件调用此接口/装载单据存前事件调用此接口,parts/177_d8820d0_装载单据存前事件调用此接口.txt
178,d881d10,OK,U8API/PuStoreIn/Update,库存管理增和修改志r,采购入库单后事件调用此接口,服务接口保存前事件调用此接口,修改单据,修改单据存前事件调用此接口,U8API资源管理器/U8API源管理器/库存管理增和修改志r/采购入库单后事件调用此接口/服务接口保存前事件调用此接口/修改单据存前事件调用此接口,parts/178_d881d10_修改单据存前事件调用此接口.txt
179,d882730,OK,U8API/QcScrapVouch/Add,库存管理增和修改志r,期初不合格品前事件调用此接口,服务接口前事件调用此接口,添加新单据,添加新单据前事件调用此接口,U8API资源管理器/U8API源管理器/库存管理增和修改志r/期初不合格品前事件调用此接口/服务接口前事件调用此接口/添加新单据前事件调用此接口,parts/179_d882730_添加新单据前事件调用此接口.txt
180,d882760,OK,U8API/QcScrapVouch/Audit,库存管理增和修改志r,期初不合格品前事件调用此接口,服务接口前事件调用此接口,审核单据,审核单据前事件调用此接口,U8API资源管理器/U8API源管理器/库存管理增和修改志r/期初不合格品前事件调用此接口/服务接口前事件调用此接口/审核单据前事件调用此接口,parts/180_d882760_审核单据前事件调用此接口.txt
181,d882610,OK,U8API/QcScrapVouch/CancelAudit,库存管理增和修改志r,期初不合格品前事件调用此接口,服务接口前事件调用此接口,弃审单据,弃审单据前事件调用此接口,U8API资源管理器/U8API源管理器/库存管理增和修改志r/期初不合格品前事件调用此接口/服务接口前事件调用此接口/弃审单据前事件调用此接口,parts/181_d882610_弃审单据前事件调用此接口.txt
182,d882790,OK,U8API/QcScrapVouch/Delete,库存管理增和修改志r,期初不合格品前事件调用此接口,服务接口前事件调用此接口,删除单据,删除单据前事件调用此接口,U8API资源管理器/U8API源管理器/库存管理增和修改志r/期初不合格品前事件调用此接口/服务接口前事件调用此接口/删除单据前事件调用此接口,parts/182_d882790_删除单据前事件调用此接口.txt
183,d882250,OK,U8API/QcScrapVouch/Load,库存管理增和修改志r,期初不合格品前事件调用此接口,服务接口前事件调用此接口,装载单据,装载单据前事件调用此接口,U8API资源管理器/U8API源管理器/库存管理增和修改志r/期初不合格品前事件调用此接口/服务接口前事件调用此接口/装载单据前事件调用此接口,parts/183_d882250_装载单据前事件调用此接口.txt
184,d882280,OK,U8API/QcScrapVouch/Update,库存管理增和修改志r,期初不合格品前事件调用此接口,服务接口前事件调用此接口,修改单据,修改单据前事件调用此接口,U8API资源管理器/U8API源管理器/库存管理增和修改志r/期初不合格品前事件调用此接口/服务接口前事件调用此接口/修改单据前事件调用此接口,parts/184_d882280_修改单据前事件调用此接口.txt
185,d882c70,OK,U8API/saleout/Add,库存管理增和修改志r,销售出库单前事件调用此接口,服务接口保存前事件用此接口,添加新单据,添加新单据存前事件用此接口,U8API资源管理器/U8API源管理器/库存管理增和修改志r/销售出库单前事件调用此接口/服务接口保存前事件用此接口/添加新单据存前事件用此接口,parts/185_d882c70_添加新单据存前事件用此接口.txt
186,d882820,OK,U8API/saleout/Audit,库存管理增和修改志r,销售出库单前事件调用此接口,服务接口保存前事件用此接口,审核单据,审核单据存前事件用此接口,U8API资源管理器/U8API源管理器/库存管理增和修改志r/销售出库单前事件调用此接口/服务接口保存前事件用此接口/审核单据存前事件用此接口,parts/186_d882820_审核单据存前事件用此接口.txt
187,d882a00,OK,U8API/saleout/CancelAudit,库存管理增和修改志r,销售出库单前事件调用此接口,服务接口保存前事件用此接口,弃审单据,弃审单据存前事件用此接口,U8API资源管理器/U8API源管理器/库存管理增和修改志r/销售出库单前事件调用此接口/服务接口保存前事件用此接口/弃审单据存前事件用此接口,parts/187_d882a00_弃审单据存前事件用此接口.txt
188,d882cd0,OK,U8API/saleout/Delete,库存管理增和修改志r,销售出库单前事件调用此接口,服务接口保存前事件用此接口,删除单据,删除单据存前事件用此接口,U8API资源管理器/U8API源管理器/库存管理增和修改志r/销售出库单前事件调用此接口/服务接口保存前事件用此接口/删除单据存前事件用此接口,parts/188_d882cd0_删除单据存前事件用此接口.txt
189,d882d60,OK,U8API/saleout/Load,库存管理增和修改志r,销售出库单前事件调用此接口,服务接口保存前事件用此接口,装载单据,装载单据存前事件用此接口,U8API资源管理器/U8API源管理器/库存管理增和修改志r/销售出库单前事件调用此接口/服务接口保存前事件用此接口/装载单据存前事件用此接口,parts/189_d882d60_装载单据存前事件用此接口.txt
190,d882850,OK,U8API/saleout/Update,库存管理增和修改志r,销售出库单前事件调用此接口,服务接口保存前事件用此接口,修改单据,修改单据存前事件用此接口,U8API资源管理器/U8API源管理器/库存管理增和修改志r/销售出库单前事件调用此接口/服务接口保存前事件用此接口/修改单据存前事件用此接口,parts/190_d882850_修改单据存前事件用此接口.txt
191,d882fd0,OK,U8API/ScrapOut/Add,库存管理增和修改志r,不合格品处理单事件用此接口,服务接口单事件用此接口,添加新单据,添加新单据单事件用此接口,U8API资源管理器/U8API源管理器/库存管理增和修改志r/不合格品处理单事件用此接口/服务接口单事件用此接口/添加新单据单事件用此接口,parts/191_d882fd0_添加新单据单事件用此接口.txt
192,d883000,OK,U8API/ScrapOut/Audit,库存管理增和修改志r,不合格品处理单事件用此接口,服务接口单事件用此接口,审核单据,审核单据单事件用此接口,U8API资源管理器/U8API源管理器/库存管理增和修改志r/不合格品处理单事件用此接口/服务接口单事件用此接口/审核单据单事件用此接口,parts/192_d883000_审核单据单事件用此接口.txt
193,d883090,OK,U8API/ScrapOut/CancelAudit,库存管理增和修改志r,不合格品处理单事件用此接口,服务接口单事件用此接口,弃审单据,弃审单据单事件用此接口,U8API资源管理器/U8API源管理器/库存管理增和修改志r/不合格品处理单事件用此接口/服务接口单事件用此接口/弃审单据单事件用此接口,parts/193_d883090_弃审单据单事件用此接口.txt
194,d883330,OK,U8API/ScrapOut/Delete,库存管理增和修改志r,不合格品处理单事件用此接口,服务接口单事件用此接口,删除单据,删除单据单事件用此接口,U8API资源管理器/U8API源管理器/库存管理增和修改志r/不合格品处理单事件用此接口/服务接口单事件用此接口/删除单据单事件用此接口,parts/194_d883330_删除单据单事件用此接口.txt
195,d882fa0,OK,U8API/ScrapOut/Load,库存管理增和修改志r,不合格品处理单事件用此接口,服务接口单事件用此接口,装载单据,装载单据单事件用此接口,U8API资源管理器/U8API源管理器/库存管理增和修改志r/不合格品处理单事件用此接口/服务接口单事件用此接口/装载单据单事件用此接口,parts/195_d882fa0_装载单据单事件用此接口.txt
196,d883210,OK,U8API/ScrapOut/Update,库存管理增和修改志r,不合格品处理单事件用此接口,服务接口单事件用此接口,修改单据,修改单据单事件用此接口,U8API资源管理器/U8API源管理器/库存管理增和修改志r/不合格品处理单事件用此接口/服务接口单事件用此接口/修改单据单事件用此接口,parts/196_d883210_修改单据单事件用此接口.txt
197,d8835d0,OK,U8API/ScrapVouch/Add,库存管理增和修改志r,不合格品记录单事件用此接口,服务接口单事件用此接口,添加新单据,添加新单据单事件用此接口,U8API资源管理器/U8API源管理器/库存管理增和修改志r/不合格品记录单事件用此接口/服务接口单事件用此接口/添加新单据单事件用此接口,parts/197_d8835d0_添加新单据单事件用此接口.txt
198,d883810,OK,U8API/ScrapVouch/Audit,库存管理增和修改志r,不合格品记录单事件用此接口,服务接口单事件用此接口,审核单据,审核单据单事件用此接口,U8API资源管理器/U8API源管理器/库存管理增和修改志r/不合格品记录单事件用此接口/服务接口单事件用此接口/审核单据单事件用此接口,parts/198_d883810_审核单据单事件用此接口.txt
199,d8838a0,OK,U8API/ScrapVouch/CancelAudit,库存管理增和修改志r,不合格品记录单事件用此接口,服务接口单事件用此接口,弃审单据,弃审单据单事件用此接口,U8API资源管理器/U8API源管理器/库存管理增和修改志r/不合格品记录单事件用此接口/服务接口单事件用此接口/弃审单据单事件用此接口,parts/199_d8838a0_弃审单据单事件用此接口.txt
200,d883540,OK,U8API/ScrapVouch/Delete,库存管理增和修改志r,不合格品记录单事件用此接口,服务接口单事件用此接口,删除单据,删除单据单事件用此接口,U8API资源管理器/U8API源管理器/库存管理增和修改志r/不合格品记录单事件用此接口/服务接口单事件用此接口/删除单据单事件用此接口,parts/200_d883540_删除单据单事件用此接口.txt
201,d8835a0,OK,U8API/ScrapVouch/Load,库存管理增和修改志r,不合格品记录单事件用此接口,服务接口单事件用此接口,装载单据,装载单据单事件用此接口,U8API资源管理器/U8API源管理器/库存管理增和修改志r/不合格品记录单事件用此接口/服务接口单事件用此接口/装载单据单事件用此接口,parts/201_d8835a0_装载单据单事件用此接口.txt
202,d883930,OK,U8API/ScrapVouch/Update,库存管理增和修改志r,不合格品记录单事件用此接口,服务接口单事件用此接口,修改单据,修改单据单事件用此接口,U8API资源管理器/U8API源管理器/库存管理增和修改志r/不合格品记录单事件用此接口/服务接口单事件用此接口/修改单据单事件用此接口,parts/202_d883930_修改单据单事件用此接口.txt
203,d8839f0,OK,U8API/SepVouch/Add,库存管理增和修改志r,拆卸单单事件用此接口,服务接口单事件用此接口,添加新单据,添加新单据单事件用此接口,U8API资源管理器/U8API源管理器/库存管理增和修改志r/拆卸单单事件用此接口/服务接口单事件用此接口/添加新单据单事件用此接口,parts/203_d8839f0_添加新单据单事件用此接口.txt
204,d883a20,OK,U8API/SepVouch/Audit,库存管理增和修改志r,拆卸单单事件用此接口,服务接口单事件用此接口,审核单据,审核单据单事件用此接口,U8API资源管理器/U8API源管理器/库存管理增和修改志r/拆卸单单事件用此接口/服务接口单事件用此接口/审核单据单事件用此接口,parts/204_d883a20_审核单据单事件用此接口.txt
205,d883cc0,OK,U8API/SepVouch/CancelAudit,库存管理增和修改志r,拆卸单单事件用此接口,服务接口单事件用此接口,弃审单据,弃审单据单事件用此接口,U8API资源管理器/U8API源管理器/库存管理增和修改志r/拆卸单单事件用此接口/服务接口单事件用此接口/弃审单据单事件用此接口,parts/205_d883cc0_弃审单据单事件用此接口.txt
206,d883d20,OK,U8API/SepVouch/Delete,库存管理增和修改志r,拆卸单单事件用此接口,服务接口单事件用此接口,删除单据,删除单据单事件用此接口,U8API资源管理器/U8API源管理器/库存管理增和修改志r/拆卸单单事件用此接口/服务接口单事件用此接口/删除单据单事件用此接口,parts/206_d883d20_删除单据单事件用此接口.txt
207,d883d80,OK,U8API/SepVouch/Load,库存管理增和修改志r,拆卸单单事件用此接口,服务接口单事件用此接口,装载单据,装载单据单事件用此接口,U8API资源管理器/U8API源管理器/库存管理增和修改志r/拆卸单单事件用此接口/服务接口单事件用此接口/装载单据单事件用此接口,parts/207_d883d80_装载单据单事件用此接口.txt
208,d883e40,OK,U8API/SepVouch/Update,库存管理增和修改志r,拆卸单单事件用此接口,服务接口单事件用此接口,修改单据,修改单据单事件用此接口,U8API资源管理器/U8API源管理器/库存管理增和修改志r/拆卸单单事件用此接口/服务接口单事件用此接口/修改单据单事件用此接口,parts/208_d883e40_修改单据单事件用此接口.txt
209,d884320,OK,U8API/ShapeChangVouch/Add,库存管理增和修改志r,形态转换单单事件用此接口,服务接口单事件用此接口,添加新单据,添加新单据单事件用此接口,U8API资源管理器/U8API源管理器/库存管理增和修改志r/形态转换单单事件用此接口/服务接口单事件用此接口/添加新单据单事件用此接口,parts/209_d884320_添加新单据单事件用此接口.txt
210,d884290,OK,U8API/ShapeChangVouch/Audit,库存管理增和修改志r,形态转换单单事件用此接口,服务接口单事件用此接口,审核单据,审核单据单事件用此接口,U8API资源管理器/U8API源管理器/库存管理增和修改志r/形态转换单单事件用此接口/服务接口单事件用此接口/审核单据单事件用此接口,parts/210_d884290_审核单据单事件用此接口.txt
211,d884500,OK,U8API/ShapeChangVouch/CancelAudit,库存管理增和修改志r,形态转换单单事件用此接口,服务接口单事件用此接口,弃审单据,弃审单据单事件用此接口,U8API资源管理器/U8API源管理器/库存管理增和修改志r/形态转换单单事件用此接口/服务接口单事件用此接口/弃审单据单事件用此接口,parts/211_d884500_弃审单据单事件用此接口.txt
212,d884560,OK,U8API/ShapeChangVouch/Delete,库存管理增和修改志r,形态转换单单事件用此接口,服务接口单事件用此接口,删除单据,删除单据单事件用此接口,U8API资源管理器/U8API源管理器/库存管理增和修改志r/形态转换单单事件用此接口/服务接口单事件用此接口/删除单据单事件用此接口,parts/212_d884560_删除单据单事件用此接口.txt
213,d884530,OK,U8API/ShapeChangVouch/Load,库存管理增和修改志r,形态转换单单事件用此接口,服务接口单事件用此接口,装载单据,装载单据单事件用此接口,U8API资源管理器/U8API源管理器/库存管理增和修改志r/形态转换单单事件用此接口/服务接口单事件用此接口/装载单据单事件用此接口,parts/213_d884530_装载单据单事件用此接口.txt
214,d8842f0,OK,U8API/ShapeChangVouch/Update,库存管理增和修改志r,形态转换单单事件用此接口,服务接口单事件用此接口,修改单据,修改单据单事件用此接口,U8API资源管理器/U8API源管理器/库存管理增和修改志r/形态转换单单事件用此接口/服务接口单事件用此接口/修改单据单事件用此接口,parts/214_d8842f0_修改单据单事件用此接口.txt
215,d885070,OK,U8API/TransRequestVouch/Add,库存管理增和修改志r,调拨申请单单事件用此接口,服务接口单事件用此接口,添加新单据,添加新单据单事件用此接口,U8API资源管理器/U8API源管理器/库存管理增和修改志r/调拨申请单单事件用此接口/服务接口单事件用此接口/添加新单据单事件用此接口,parts/215_d885070_添加新单据单事件用此接口.txt
216,d884fb0,OK,U8API/TransRequestVouch/Audit,库存管理增和修改志r,调拨申请单单事件用此接口,服务接口单事件用此接口,审核单据,审核单据单事件用此接口,U8API资源管理器/U8API源管理器/库存管理增和修改志r/调拨申请单单事件用此接口/服务接口单事件用此接口/审核单据单事件用此接口,parts/216_d884fb0_审核单据单事件用此接口.txt
217,d884d70,OK,U8API/TransRequestVouch/CancelAudit,库存管理增和修改志r,调拨申请单单事件用此接口,服务接口单事件用此接口,弃审单据,弃审单据单事件用此接口,U8API资源管理器/U8API源管理器/库存管理增和修改志r/调拨申请单单事件用此接口/服务接口单事件用此接口/弃审单据单事件用此接口,parts/217_d884d70_弃审单据单事件用此接口.txt
218,d884e00,OK,U8API/TransRequestVouch/Delete,库存管理增和修改志r,调拨申请单单事件用此接口,服务接口单事件用此接口,删除单据,删除单据单事件用此接口,U8API资源管理器/U8API源管理器/库存管理增和修改志r/调拨申请单单事件用此接口/服务接口单事件用此接口/删除单据单事件用此接口,parts/218_d884e00_删除单据单事件用此接口.txt
219,d884fe0,OK,U8API/TransRequestVouch/Load,库存管理增和修改志r,调拨申请单单事件用此接口,服务接口单事件用此接口,装载单据,装载单据单事件用此接口,U8API资源管理器/U8API源管理器/库存管理增和修改志r/调拨申请单单事件用此接口/服务接口单事件用此接口/装载单据单事件用此接口,parts/219_d884fe0_装载单据单事件用此接口.txt
220,d885010,OK,U8API/TransRequestVouch/Update,库存管理增和修改志r,调拨申请单单事件用此接口,服务接口单事件用此接口,修改单据,修改单据单事件用此接口,U8API资源管理器/U8API源管理器/库存管理增和修改志r/调拨申请单单事件用此接口/服务接口单事件用此接口/修改单据单事件用此接口,parts/220_d885010_修改单据单事件用此接口.txt
221,d8856a0,OK,U8API/TransVouch/Add,库存管理增和修改志r,调拨单单事件用此接口,服务接口CC.U8API.TransVouch.Save_Before,添加新单据,添加新单据C.U8API.TransVouch.Save_Before,U8API资源管理器/U8API源管理器/库存管理增和修改志r/调拨单单事件用此接口/服务接口CC.U8API.TransVouch.Save_Before/添加新单据C.U8API.TransVouch.Save_Before,parts/221_d8856a0_添加新单据C.U8API.TransVouch.Save_Before.txt
222,d885340,OK,U8API/TransVouch/Audit,库存管理增和修改志r,调拨单单事件用此接口,服务接口CC.U8API.TransVouch.Save_Before,审核单据,审核单据C.U8API.TransVouch.Save_Before,U8API资源管理器/U8API源管理器/库存管理增和修改志r/调拨单单事件用此接口/服务接口CC.U8API.TransVouch.Save_Before/审核单据C.U8API.TransVouch.Save_Before,parts/222_d885340_审核单据C.U8API.TransVouch.Save_Before.txt
223,d8855b0,OK,U8API/TransVouch/CancelAudit,库存管理增和修改志r,调拨单单事件用此接口,服务接口CC.U8API.TransVouch.Save_Before,弃审单据,弃审单据C.U8API.TransVouch.Save_Before,U8API资源管理器/U8API源管理器/库存管理增和修改志r/调拨单单事件用此接口/服务接口CC.U8API.TransVouch.Save_Before/弃审单据C.U8API.TransVouch.Save_Before,parts/223_d8855b0_弃审单据C.U8API.TransVouch.Save_Before.txt
224,d8853d0,OK,U8API/TransVouch/Delete,库存管理增和修改志r,调拨单单事件用此接口,服务接口CC.U8API.TransVouch.Save_Before,删除单据,删除单据C.U8API.TransVouch.Save_Before,U8API资源管理器/U8API源管理器/库存管理增和修改志r/调拨单单事件用此接口/服务接口CC.U8API.TransVouch.Save_Before/删除单据C.U8API.TransVouch.Save_Before,parts/224_d8853d0_删除单据C.U8API.TransVouch.Save_Before.txt
225,d885580,OK,U8API/TransVouch/Load,库存管理增和修改志r,调拨单单事件用此接口,服务接口CC.U8API.TransVouch.Save_Before,装载单据,装载单据C.U8API.TransVouch.Save_Before,U8API资源管理器/U8API源管理器/库存管理增和修改志r/调拨单单事件用此接口/服务接口CC.U8API.TransVouch.Save_Before/装载单据C.U8API.TransVouch.Save_Before,parts/225_d885580_装载单据C.U8API.TransVouch.Save_Before.txt
226,d885280,OK,U8API/TransVouch/Update,库存管理增和修改志r,调拨单单事件用此接口,服务接口CC.U8API.TransVouch.Save_Before,修改单据,修改单据C.U8API.TransVouch.Save_Before,U8API资源管理器/U8API源管理器/库存管理增和修改志r/调拨单单事件用此接口/服务接口CC.U8API.TransVouch.Save_Before/修改单据C.U8API.TransVouch.Save_Before,parts/226_d885280_修改单据C.U8API.TransVouch.Save_Before.txt
227,d886150,OK,U8API/BOM/BomAdd,生产制造照档案API.TransVouch.Save_Before,物料清单单API.TransVouch.Save_Before,服务接口单API.TransVouch.Save_Before,新增物料清单API.TransVouch.Save_Before,新增物料清单API.TransVouch.Save_Before,U8API资源管理器/U8API源管理器/生产制造照档案API.TransVouch.Save_Before/物料清单单API.TransVouch.Save_Before/服务接口单API.TransVouch.Save_Before/新增物料清单API.TransVouch.Save_Before,parts/227_d886150_新增物料清单API.TransVouch.Save_Before.txt
228,d885fa0,OK,U8API/BOM/BomAuditing,生产制造照档案API.TransVouch.Save_Before,物料清单单API.TransVouch.Save_Before,服务接口单API.TransVouch.Save_Before,审核物料清单API.TransVouch.Save_Before,审核物料清单API.TransVouch.Save_Before,U8API资源管理器/U8API源管理器/生产制造照档案API.TransVouch.Save_Before/物料清单单API.TransVouch.Save_Before/服务接口单API.TransVouch.Save_Before/审核物料清单API.TransVouch.Save_Before,parts/228_d885fa0_审核物料清单API.TransVouch.Save_Before.txt
229,d886060,OK,U8API/BOM/BomDelete,生产制造照档案API.TransVouch.Save_Before,物料清单单API.TransVouch.Save_Before,服务接口单API.TransVouch.Save_Before,删除物料清单API.TransVouch.Save_Before,删除物料清单API.TransVouch.Save_Before,U8API资源管理器/U8API源管理器/生产制造照档案API.TransVouch.Save_Before/物料清单单API.TransVouch.Save_Before/服务接口单API.TransVouch.Save_Before/删除物料清单API.TransVouch.Save_Before,parts/229_d886060_删除物料清单API.TransVouch.Save_Before.txt
230,d886240,OK,U8API/BOM/BomLoad,生产制造照档案API.TransVouch.Save_Before,物料清单单API.TransVouch.Save_Before,服务接口单API.TransVouch.Save_Before,查询物料清单API.TransVouch.Save_Before,查询物料清单API.TransVouch.Save_Before,U8API资源管理器/U8API源管理器/生产制造照档案API.TransVouch.Save_Before/物料清单单API.TransVouch.Save_Before/服务接口单API.TransVouch.Save_Before/查询物料清单API.TransVouch.Save_Before,parts/230_d886240_查询物料清单API.TransVouch.Save_Before.txt
231,d8862a0,OK,U8API/BOM/BomUnauditing,生产制造照档案API.TransVouch.Save_Before,物料清单单API.TransVouch.Save_Before,服务接口单API.TransVouch.Save_Before,弃审物料清单API.TransVouch.Save_Before,弃审物料清单API.TransVouch.Save_Before,U8API资源管理器/U8API源管理器/生产制造照档案API.TransVouch.Save_Before/物料清单单API.TransVouch.Save_Before/服务接口单API.TransVouch.Save_Before/弃审物料清单API.TransVouch.Save_Before,parts/231_d8862a0_弃审物料清单API.TransVouch.Save_Before.txt
232,d885eb0,OK,U8API/BOM/BomUpdate,生产制造照档案API.TransVouch.Save_Before,物料清单单API.TransVouch.Save_Before,服务接口单API.TransVouch.Save_Before,更新物料清单API.TransVouch.Save_Before,更新物料清单API.TransVouch.Save_Before,U8API资源管理器/U8API源管理器/生产制造照档案API.TransVouch.Save_Before/物料清单单API.TransVouch.Save_Before/服务接口单API.TransVouch.Save_Before/更新物料清单API.TransVouch.Save_Before,parts/232_d885eb0_更新物料清单API.TransVouch.Save_Before.txt
233,d7deac0,OK,U8API/EcnDoc/EcnDocLoad,生产制造照档案API.TransVouch.Save_Before,ECN单单API.TransVouch.Save_Before,服务接口API.TransVouch.Save_Before,查询ECN单,查询ECN单API.TransVouch.Save_Before,U8API资源管理器/U8API源管理器/生产制造照档案API.TransVouch.Save_Before/ECN单单API.TransVouch.Save_Before/服务接口API.TransVouch.Save_Before/查询ECN单API.TransVouch.Save_Before,parts/233_d7deac0_查询ECN单API.TransVouch.Save_Before.txt
234,d7deaf0,OK,U8API/EcnDoc/EcnDocAdd,生产制造照档案API.TransVouch.Save_Before,ECN单单API.TransVouch.Save_Before,服务接口API.TransVouch.Save_Before,新增ECN单,新增ECN单API.TransVouch.Save_Before,U8API资源管理器/U8API源管理器/生产制造照档案API.TransVouch.Save_Before/ECN单单API.TransVouch.Save_Before/服务接口API.TransVouch.Save_Before/新增ECN单API.TransVouch.Save_Before,parts/234_d7deaf0_新增ECN单API.TransVouch.Save_Before.txt
235,d7d8d00,OK,U8API/EcnDoc/EcnDocModify,生产制造照档案API.TransVouch.Save_Before,ECN单单API.TransVouch.Save_Before,服务接口API.TransVouch.Save_Before,更新ECN单,更新ECN单API.TransVouch.Save_Before,U8API资源管理器/U8API源管理器/生产制造照档案API.TransVouch.Save_Before/ECN单单API.TransVouch.Save_Before/服务接口API.TransVouch.Save_Before/更新ECN单API.TransVouch.Save_Before,parts/235_d7d8d00_更新ECN单API.TransVouch.Save_Before.txt
236,d7d8e20,OK,U8API/EcnDoc/EcnDocDelete,生产制造照档案API.TransVouch.Save_Before,ECN单单API.TransVouch.Save_Before,服务接口API.TransVouch.Save_Before,删除ECN单,删除ECN单API.TransVouch.Save_Before,U8API资源管理器/U8API源管理器/生产制造照档案API.TransVouch.Save_Before/ECN单单API.TransVouch.Save_Before/服务接口API.TransVouch.Save_Before/删除ECN单API.TransVouch.Save_Before,parts/236_d7d8e20_删除ECN单API.TransVouch.Save_Before.txt
237,d7d8d90,OK,U8API/EcnDoc/EcnDocAuditing,生产制造照档案API.TransVouch.Save_Before,ECN单单API.TransVouch.Save_Before,服务接口API.TransVouch.Save_Before,审核ECN单,审核ECN单API.TransVouch.Save_Before,U8API资源管理器/U8API源管理器/生产制造照档案API.TransVouch.Save_Before/ECN单单API.TransVouch.Save_Before/服务接口API.TransVouch.Save_Before/审核ECN单API.TransVouch.Save_Before,parts/237_d7d8d90_审核ECN单API.TransVouch.Save_Before.txt
238,d7d8eb0,OK,U8API/EcnDoc/EcnDocUnauditing,生产制造照档案API.TransVouch.Save_Before,ECN单单API.TransVouch.Save_Before,服务接口API.TransVouch.Save_Before,弃审ECN单,弃审ECN单API.TransVouch.Save_Before,U8API资源管理器/U8API源管理器/生产制造照档案API.TransVouch.Save_Before/ECN单单API.TransVouch.Save_Before/服务接口API.TransVouch.Save_Before/弃审ECN单API.TransVouch.Save_Before,parts/238_d7d8eb0_弃审ECN单API.TransVouch.Save_Before.txt
239,d7912c8,OK,U8API/FCResource/FCResourceLoad,生产制造照档案API.TransVouch.Save_Before,资源资料单API.TransVouch.Save_Before,服务接口API.TransVouch.Save_Before,查询资源资料API.TransVouch.Save_Before,查询资源资料API.TransVouch.Save_Before,U8API资源管理器/U8API源管理器/生产制造照档案API.TransVouch.Save_Before/资源资料单API.TransVouch.Save_Before/服务接口API.TransVouch.Save_Before/查询资源资料API.TransVouch.Save_Before,parts/239_d7912c8_查询资源资料API.TransVouch.Save_Before.txt
240,d72e9a8,OK,U8API/FCResource/FCResourceAdd,生产制造照档案API.TransVouch.Save_Before,资源资料单API.TransVouch.Save_Before,服务接口API.TransVouch.Save_Before,新增资源资料API.TransVouch.Save_Before,新增资源资料API.TransVouch.Save_Before,U8API资源管理器/U8API源管理器/生产制造照档案API.TransVouch.Save_Before/资源资料单API.TransVouch.Save_Before/服务接口API.TransVouch.Save_Before/新增资源资料API.TransVouch.Save_Before,parts/240_d72e9a8_新增资源资料API.TransVouch.Save_Before.txt
241,142b0c08,OK,U8API/FCResource/FCResourceModify,生产制造照档案API.TransVouch.Save_Before,资源资料单API.TransVouch.Save_Before,服务接口API.TransVouch.Save_Before,更新资源资料API.TransVouch.Save_Before,更新资源资料API.TransVouch.Save_Before,U8API资源管理器/U8API源管理器/生产制造照档案API.TransVouch.Save_Before/资源资料单API.TransVouch.Save_Before/服务接口API.TransVouch.Save_Before/更新资源资料API.TransVouch.Save_Before,parts/241_142b0c08_更新资源资料API.TransVouch.Save_Before.txt
242,142b0848,OK,U8API/FCResource/FCResourceDelete,生产制造照档案API.TransVouch.Save_Before,资源资料单API.TransVouch.Save_Before,服务接口API.TransVouch.Save_Before,删除资源资料API.TransVouch.Save_Before,删除资源资料API.TransVouch.Save_Before,U8API资源管理器/U8API源管理器/生产制造照档案API.TransVouch.Save_Before/资源资料单API.TransVouch.Save_Before/服务接口API.TransVouch.Save_Before/删除资源资料API.TransVouch.Save_Before,parts/242_142b0848_删除资源资料API.TransVouch.Save_Before.txt
243,142b0998,OK,U8API/Forecast/ForecastLoad,生产制造照档案API.TransVouch.Save_Before,产品预测订单API.TransVouch.Save_Before,服务接口API.TransVouch.Save_Before,查询产品预测订单API.TransVouch.Save_Before,查询产品预测订单API.TransVouch.Save_Before,U8API资源管理器/U8API源管理器/生产制造照档案API.TransVouch.Save_Before/产品预测订单API.TransVouch.Save_Before/服务接口API.TransVouch.Save_Before/查询产品预测订单API.TransVouch.Save_Before,parts/243_142b0998_查询产品预测订单API.TransVouch.Save_Before.txt
244,142b09c8,OK,U8API/Forecast/ForecastAdd,生产制造照档案API.TransVouch.Save_Before,产品预测订单API.TransVouch.Save_Before,服务接口API.TransVouch.Save_Before,新增产品预测订单API.TransVouch.Save_Before,新增产品预测订单API.TransVouch.Save_Before,U8API资源管理器/U8API源管理器/生产制造照档案API.TransVouch.Save_Before/产品预测订单API.TransVouch.Save_Before/服务接口API.TransVouch.Save_Before/新增产品预测订单API.TransVouch.Save_Before,parts/244_142b09c8_新增产品预测订单API.TransVouch.Save_Before.txt
245,142b0e48,OK,U8API/Forecast/ForecastModify,生产制造照档案API.TransVouch.Save_Before,产品预测订单API.TransVouch.Save_Before,服务接口API.TransVouch.Save_Before,更新产品预测订单API.TransVouch.Save_Before,更新产品预测订单API.TransVouch.Save_Before,U8API资源管理器/U8API源管理器/生产制造照档案API.TransVouch.Save_Before/产品预测订单API.TransVouch.Save_Before/服务接口API.TransVouch.Save_Before/更新产品预测订单API.TransVouch.Save_Before,parts/245_142b0e48_更新产品预测订单API.TransVouch.Save_Before.txt
246,142b1298,OK,U8API/Forecast/ForecastDelete,生产制造照档案API.TransVouch.Save_Before,产品预测订单API.TransVouch.Save_Before,服务接口API.TransVouch.Save_Before,删除产品预测订单API.TransVouch.Save_Before,删除产品预测订单API.TransVouch.Save_Before,U8API资源管理器/U8API源管理器/生产制造照档案API.TransVouch.Save_Before/产品预测订单API.TransVouch.Save_Before/服务接口API.TransVouch.Save_Before/删除产品预测订单API.TransVouch.Save_Before,parts/246_142b1298_删除产品预测订单API.TransVouch.Save_Before.txt
247,142b0de8,OK,U8API/Forecast/ForecastAuditing,生产制造照档案API.TransVouch.Save_Before,产品预测订单API.TransVouch.Save_Before,服务接口API.TransVouch.Save_Before,审核产品预测订单API.TransVouch.Save_Before,审核产品预测订单API.TransVouch.Save_Before,U8API资源管理器/U8API源管理器/生产制造照档案API.TransVouch.Save_Before/产品预测订单API.TransVouch.Save_Before/服务接口API.TransVouch.Save_Before/审核产品预测订单API.TransVouch.Save_Before,parts/247_142b0de8_审核产品预测订单API.TransVouch.Save_Before.txt
248,142b0e18,OK,U8API/Forecast/ForecastUnauditing,生产制造照档案API.TransVouch.Save_Before,产品预测订单API.TransVouch.Save_Before,服务接口API.TransVouch.Save_Before,弃审产品预测订单API.TransVouch.Save_Before,弃审产品预测订单API.TransVouch.Save_Before,U8API资源管理器/U8API源管理器/生产制造照档案API.TransVouch.Save_Before/产品预测订单API.TransVouch.Save_Before/服务接口API.TransVouch.Save_Before/弃审产品预测订单API.TransVouch.Save_Before,parts/248_142b0e18_弃审产品预测订单API.TransVouch.Save_Before.txt
249,142b14d8,OK,U8API/MOrder/MOrderAdd,生产制造照档案API.TransVouch.Save_Before,生产订单测订单API.TransVouch.Save_Before,服务接口订单API.TransVouch.Save_Before,新增生产订单单API.TransVouch.Save_Before,新增生产订单单API.TransVouch.Save_Before,U8API资源管理器/U8API源管理器/生产制造照档案API.TransVouch.Save_Before/生产订单测订单API.TransVouch.Save_Before/服务接口订单API.TransVouch.Save_Before/新增生产订单单API.TransVouch.Save_Before,parts/249_142b14d8_新增生产订单单API.TransVouch.Save_Before.txt
250,142b1328,OK,U8API/MOrder/MOrderAuditing,生产制造照档案API.TransVouch.Save_Before,生产订单测订单API.TransVouch.Save_Before,服务接口订单API.TransVouch.Save_Before,审核生产订单单API.TransVouch.Save_Before,审核生产订单单API.TransVouch.Save_Before,U8API资源管理器/U8API源管理器/生产制造照档案API.TransVouch.Save_Before/生产订单测订单API.TransVouch.Save_Before/服务接口订单API.TransVouch.Save_Before/审核生产订单单API.TransVouch.Save_Before,parts/250_142b1328_审核生产订单单API.TransVouch.Save_Before.txt
251,142b15c8,OK,U8API/MOrder/MOrderDelete,生产制造照档案API.TransVouch.Save_Before,生产订单测订单API.TransVouch.Save_Before,服务接口订单API.TransVouch.Save_Before,删除生产订单单API.TransVouch.Save_Before,删除生产订单单API.TransVouch.Save_Before,U8API资源管理器/U8API源管理器/生产制造照档案API.TransVouch.Save_Before/生产订单测订单API.TransVouch.Save_Before/服务接口订单API.TransVouch.Save_Before/删除生产订单单API.TransVouch.Save_Before,parts/251_142b15c8_删除生产订单单API.TransVouch.Save_Before.txt
252,142b1868,OK,U8API/MOrder/MOrderLoad,生产制造照档案API.TransVouch.Save_Before,生产订单测订单API.TransVouch.Save_Before,服务接口订单API.TransVouch.Save_Before,查询生产订单单API.TransVouch.Save_Before,查询生产订单单API.TransVouch.Save_Before,U8API资源管理器/U8API源管理器/生产制造照档案API.TransVouch.Save_Before/生产订单测订单API.TransVouch.Save_Before/服务接口订单API.TransVouch.Save_Before/查询生产订单单API.TransVouch.Save_Before,parts/252_142b1868_查询生产订单单API.TransVouch.Save_Before.txt
253,142b1358,OK,U8API/MOrder/MOrderUnauditing,生产制造照档案API.TransVouch.Save_Before,生产订单测订单API.TransVouch.Save_Before,服务接口订单API.TransVouch.Save_Before,弃审生产订单单API.TransVouch.Save_Before,弃审生产订单单API.TransVouch.Save_Before,U8API资源管理器/U8API源管理器/生产制造照档案API.TransVouch.Save_Before/生产订单测订单API.TransVouch.Save_Before/服务接口订单API.TransVouch.Save_Before/弃审生产订单单API.TransVouch.Save_Before,parts/253_142b1358_弃审生产订单单API.TransVouch.Save_Before.txt
254,142b1388,OK,U8API/MOrder/MOrderUpdate,生产制造照档案API.TransVouch.Save_Before,生产订单测订单API.TransVouch.Save_Before,服务接口订单API.TransVouch.Save_Before,更新生产订单单API.TransVouch.Save_Before,更新生产订单单API.TransVouch.Save_Before,U8API资源管理器/U8API源管理器/生产制造照档案API.TransVouch.Save_Before/生产订单测订单API.TransVouch.Save_Before/服务接口订单API.TransVouch.Save_Before/更新生产订单单API.TransVouch.Save_Before,parts/254_142b1388_更新生产订单单API.TransVouch.Save_Before.txt
255,142b17a8,OK,U8API/MoRouting/MoRoutingLoad,生产制造照档案API.TransVouch.Save_Before,工序资料单单API.TransVouch.Save_Before,服务接口单单API.TransVouch.Save_Before,查询工序资料单API.TransVouch.Save_Before,查询工序资料单API.TransVouch.Save_Before,U8API资源管理器/U8API源管理器/生产制造照档案API.TransVouch.Save_Before/工序资料单单API.TransVouch.Save_Before/服务接口单单API.TransVouch.Save_Before/查询工序资料单API.TransVouch.Save_Before,parts/255_142b17a8_查询工序资料单API.TransVouch.Save_Before.txt
256,142b1688,OK,U8API/MoRoutingBill/MoRoutingBillAdd,生产制造照档案API.TransVouch.Save_Before,订单报工料单API.TransVouch.Save_Before,服务接口单API.TransVouch.Save_Before,订单报工新增,订单报工新增单API.TransVouch.Save_Before,U8API资源管理器/U8API源管理器/生产制造照档案API.TransVouch.Save_Before/订单报工料单API.TransVouch.Save_Before/服务接口单API.TransVouch.Save_Before/订单报工新增单API.TransVouch.Save_Before,parts/256_142b1688_订单报工新增单API.TransVouch.Save_Before.txt
257,142b1ad8,OK,U8API/OpTransform/OpTransformAdd,生产制造照档案API.TransVouch.Save_Before,工序转移单单API.TransVouch.Save_Before,服务接口单API.TransVouch.Save_Before,新增工序转移单API.TransVouch.Save_Before,新增工序转移单API.TransVouch.Save_Before,U8API资源管理器/U8API源管理器/生产制造照档案API.TransVouch.Save_Before/工序转移单单API.TransVouch.Save_Before/服务接口单API.TransVouch.Save_Before/新增工序转移单API.TransVouch.Save_Before,parts/257_142b1ad8_新增工序转移单API.TransVouch.Save_Before.txt
258,142b1b68,OK,U8API/OpTransform/OpTransformLoad,生产制造照档案API.TransVouch.Save_Before,工序转移单单API.TransVouch.Save_Before,服务接口单API.TransVouch.Save_Before,查询工序转移单API.TransVouch.Save_Before,查询工序转移单API.TransVouch.Save_Before,U8API资源管理器/U8API源管理器/生产制造照档案API.TransVouch.Save_Before/工序转移单单API.TransVouch.Save_Before/服务接口单API.TransVouch.Save_Before/查询工序转移单API.TransVouch.Save_Before,parts/258_142b1b68_查询工序转移单API.TransVouch.Save_Before.txt
259,142b1da8,OK,U8API/OpTransform/OpTransformDelete,生产制造照档案API.TransVouch.Save_Before,工序转移单单API.TransVouch.Save_Before,服务接口单API.TransVouch.Save_Before,删除工序转移单API.TransVouch.Save_Before,删除工序转移单API.TransVouch.Save_Before,U8API资源管理器/U8API源管理器/生产制造照档案API.TransVouch.Save_Before/工序转移单单API.TransVouch.Save_Before/服务接口单API.TransVouch.Save_Before/删除工序转移单API.TransVouch.Save_Before,parts/259_142b1da8_删除工序转移单API.TransVouch.Save_Before.txt
260,142b1f88,OK,U8API/OrderBom/OrderBomAdd,生产制造照档案API.TransVouch.Save_Before,订单物料清单API.TransVouch.Save_Before,服务接口API.TransVouch.Save_Before,新增订单物料清单API.TransVouch.Save_Before,新增订单物料清单API.TransVouch.Save_Before,U8API资源管理器/U8API源管理器/生产制造照档案API.TransVouch.Save_Before/订单物料清单API.TransVouch.Save_Before/服务接口API.TransVouch.Save_Before/新增订单物料清单API.TransVouch.Save_Before,parts/260_142b1f88_新增订单物料清单API.TransVouch.Save_Before.txt
261,142b2138,OK,U8API/OrderBom/OrderBomAuditing,生产制造照档案API.TransVouch.Save_Before,订单物料清单API.TransVouch.Save_Before,服务接口API.TransVouch.Save_Before,审核订单物料清单API.TransVouch.Save_Before,审核订单物料清单API.TransVouch.Save_Before,U8API资源管理器/U8API源管理器/生产制造照档案API.TransVouch.Save_Before/订单物料清单API.TransVouch.Save_Before/服务接口API.TransVouch.Save_Before/审核订单物料清单API.TransVouch.Save_Before,parts/261_142b2138_审核订单物料清单API.TransVouch.Save_Before.txt
262,142b1ef8,OK,U8API/OrderBom/OrderBomDelete,生产制造照档案API.TransVouch.Save_Before,订单物料清单API.TransVouch.Save_Before,服务接口API.TransVouch.Save_Before,删除订单物料清单API.TransVouch.Save_Before,删除订单物料清单API.TransVouch.Save_Before,U8API资源管理器/U8API源管理器/生产制造照档案API.TransVouch.Save_Before/订单物料清单API.TransVouch.Save_Before/服务接口API.TransVouch.Save_Before/删除订单物料清单API.TransVouch.Save_Before,parts/262_142b1ef8_删除订单物料清单API.TransVouch.Save_Before.txt
263,142b2438,OK,U8API/OrderBom/OrderBomLoad,生产制造照档案API.TransVouch.Save_Before,订单物料清单API.TransVouch.Save_Before,服务接口API.TransVouch.Save_Before,查询订单物料清单API.TransVouch.Save_Before,查询订单物料清单API.TransVouch.Save_Before,U8API资源管理器/U8API源管理器/生产制造照档案API.TransVouch.Save_Before/订单物料清单API.TransVouch.Save_Before/服务接口API.TransVouch.Save_Before/查询订单物料清单API.TransVouch.Save_Before,parts/263_142b2438_查询订单物料清单API.TransVouch.Save_Before.txt
264,142b2348,OK,U8API/OrderBom/OrderBomUnauditing,生产制造照档案API.TransVouch.Save_Before,订单物料清单API.TransVouch.Save_Before,服务接口API.TransVouch.Save_Before,弃审订单物料清单API.TransVouch.Save_Before,弃审订单物料清单API.TransVouch.Save_Before,U8API资源管理器/U8API源管理器/生产制造照档案API.TransVouch.Save_Before/订单物料清单API.TransVouch.Save_Before/服务接口API.TransVouch.Save_Before/弃审订单物料清单API.TransVouch.Save_Before,parts/264_142b2348_弃审订单物料清单API.TransVouch.Save_Before.txt
265,142b2048,OK,U8API/OrderBom/OrderBomUpdate,生产制造照档案API.TransVouch.Save_Before,订单物料清单API.TransVouch.Save_Before,服务接口API.TransVouch.Save_Before,更新订单物料清单API.TransVouch.Save_Before,更新订单物料清单API.TransVouch.Save_Before,U8API资源管理器/U8API源管理器/生产制造照档案API.TransVouch.Save_Before/订单物料清单API.TransVouch.Save_Before/服务接口API.TransVouch.Save_Before/更新订单物料清单API.TransVouch.Save_Before,parts/265_142b2048_更新订单物料清单API.TransVouch.Save_Before.txt
266,142b2528,OK,U8API/PFReport/PFReportAdd,生产制造照档案API.TransVouch.Save_Before,工序流转卡完工单API.TransVouch.Save_Before,服务接口工单API.TransVouch.Save_Before,新增工序流转卡完工单,新增工序流转卡完工单PI.TransVouch.Save_Before,U8API资源管理器/U8API源管理器/生产制造照档案API.TransVouch.Save_Before/工序流转卡完工单API.TransVouch.Save_Before/服务接口工单API.TransVouch.Save_Before/新增工序流转卡完工单PI.TransVouch.Save_Before,parts/266_142b2528_新增工序流转卡完工单PI.TransVouch.Save_Before.txt
267,142b2558,OK,U8API/PFReport/PFReportUpdate,生产制造照档案API.TransVouch.Save_Before,工序流转卡完工单API.TransVouch.Save_Before,服务接口工单API.TransVouch.Save_Before,更新工序流转卡完工单,更新工序流转卡完工单PI.TransVouch.Save_Before,U8API资源管理器/U8API源管理器/生产制造照档案API.TransVouch.Save_Before/工序流转卡完工单API.TransVouch.Save_Before/服务接口工单API.TransVouch.Save_Before/更新工序流转卡完工单PI.TransVouch.Save_Before,parts/267_142b2558_更新工序流转卡完工单PI.TransVouch.Save_Before.txt
268,142b27f8,OK,U8API/PFReport/PFReportDelete,生产制造照档案API.TransVouch.Save_Before,工序流转卡完工单API.TransVouch.Save_Before,服务接口工单API.TransVouch.Save_Before,删除工序流转卡完工单,删除工序流转卡完工单PI.TransVouch.Save_Before,U8API资源管理器/U8API源管理器/生产制造照档案API.TransVouch.Save_Before/工序流转卡完工单API.TransVouch.Save_Before/服务接口工单API.TransVouch.Save_Before/删除工序流转卡完工单PI.TransVouch.Save_Before,parts/268_142b27f8_删除工序流转卡完工单PI.TransVouch.Save_Before.txt
269,142b2948,OK,U8API/PFReport/PFReportLoad,生产制造照档案API.TransVouch.Save_Before,工序流转卡完工单API.TransVouch.Save_Before,服务接口工单API.TransVouch.Save_Before,查询工序流转卡完工单,查询工序流转卡完工单PI.TransVouch.Save_Before,U8API资源管理器/U8API源管理器/生产制造照档案API.TransVouch.Save_Before/工序流转卡完工单API.TransVouch.Save_Before/服务接口工单API.TransVouch.Save_Before/查询工序流转卡完工单PI.TransVouch.Save_Before,parts/269_142b2948_查询工序流转卡完工单PI.TransVouch.Save_Before.txt
270,142b28b8,OK,U8API/PFReport/PFReport2WorkHRNote,生产制造照档案API.TransVouch.Save_Before,工序流转卡完工单API.TransVouch.Save_Before,服务接口工单API.TransVouch.Save_Before,生成工时记录单工单PI.TransVouch.Save_Before,生成工时记录单工单PI.TransVouch.Save_Before,U8API资源管理器/U8API源管理器/生产制造照档案API.TransVouch.Save_Before/工序流转卡完工单API.TransVouch.Save_Before/服务接口工单API.TransVouch.Save_Before/生成工时记录单工单PI.TransVouch.Save_Before,parts/270_142b28b8_生成工时记录单工单PI.TransVouch.Save_Before.txt
271,142b2768,OK,U8API/PlanRange/PlanRangeLoad,生产制造照档案API.TransVouch.Save_Before,计划范围录单工单PI.TransVouch.Save_Before,服务接口录单工单PI.TransVouch.Save_Before,查询计划范围,查询计划范围工单PI.TransVouch.Save_Before,U8API资源管理器/U8API源管理器/生产制造照档案API.TransVouch.Save_Before/计划范围录单工单PI.TransVouch.Save_Before/服务接口录单工单PI.TransVouch.Save_Before/查询计划范围工单PI.TransVouch.Save_Before,parts/271_142b2768_查询计划范围工单PI.TransVouch.Save_Before.txt
272,142b2888,OK,U8API/PlanRange/PlanRangeAdd,生产制造照档案API.TransVouch.Save_Before,计划范围录单工单PI.TransVouch.Save_Before,服务接口录单工单PI.TransVouch.Save_Before,新增计划范围,新增计划范围工单PI.TransVouch.Save_Before,U8API资源管理器/U8API源管理器/生产制造照档案API.TransVouch.Save_Before/计划范围录单工单PI.TransVouch.Save_Before/服务接口录单工单PI.TransVouch.Save_Before/新增计划范围工单PI.TransVouch.Save_Before,parts/272_142b2888_新增计划范围工单PI.TransVouch.Save_Before.txt
273,142b2a38,OK,U8API/PlanRange/PlanRangeUpdate,生产制造照档案API.TransVouch.Save_Before,计划范围录单工单PI.TransVouch.Save_Before,服务接口录单工单PI.TransVouch.Save_Before,更新计划范围,更新计划范围工单PI.TransVouch.Save_Before,U8API资源管理器/U8API源管理器/生产制造照档案API.TransVouch.Save_Before/计划范围录单工单PI.TransVouch.Save_Before/服务接口录单工单PI.TransVouch.Save_Before/更新计划范围工单PI.TransVouch.Save_Before,parts/273_142b2a38_更新计划范围工单PI.TransVouch.Save_Before.txt
274,142b2588,OK,U8API/PlanRange/PlanRangeDelete,生产制造照档案API.TransVouch.Save_Before,计划范围录单工单PI.TransVouch.Save_Before,服务接口录单工单PI.TransVouch.Save_Before,删除计划范围,删除计划范围工单PI.TransVouch.Save_Before,U8API资源管理器/U8API源管理器/生产制造照档案API.TransVouch.Save_Before/计划范围录单工单PI.TransVouch.Save_Before/服务接口录单工单PI.TransVouch.Save_Before/删除计划范围工单PI.TransVouch.Save_Before,parts/274_142b2588_删除计划范围工单PI.TransVouch.Save_Before.txt
275,142b2b28,OK,U8API/Routing/RoutingAdd,生产制造照档案API.TransVouch.Save_Before,工艺路线围工单PI.TransVouch.Save_Before,服务接口工单PI.TransVouch.Save_Before,新增工艺路线工单PI.TransVouch.Save_Before,新增工艺路线工单PI.TransVouch.Save_Before,U8API资源管理器/U8API源管理器/生产制造照档案API.TransVouch.Save_Before/工艺路线围工单PI.TransVouch.Save_Before/服务接口工单PI.TransVouch.Save_Before/新增工艺路线工单PI.TransVouch.Save_Before,parts/275_142b2b28_新增工艺路线工单PI.TransVouch.Save_Before.txt
276,142b2e58,OK,U8API/Routing/RoutingAuditing,生产制造照档案API.TransVouch.Save_Before,工艺路线围工单PI.TransVouch.Save_Before,服务接口工单PI.TransVouch.Save_Before,审核工艺路线工单PI.TransVouch.Save_Before,审核工艺路线工单PI.TransVouch.Save_Before,U8API资源管理器/U8API源管理器/生产制造照档案API.TransVouch.Save_Before/工艺路线围工单PI.TransVouch.Save_Before/服务接口工单PI.TransVouch.Save_Before/审核工艺路线工单PI.TransVouch.Save_Before,parts/276_142b2e58_审核工艺路线工单PI.TransVouch.Save_Before.txt
277,142b3068,OK,U8API/Routing/RoutingDelete,生产制造照档案API.TransVouch.Save_Before,工艺路线围工单PI.TransVouch.Save_Before,服务接口工单PI.TransVouch.Save_Before,删除工艺路线工单PI.TransVouch.Save_Before,删除工艺路线工单PI.TransVouch.Save_Before,U8API资源管理器/U8API源管理器/生产制造照档案API.TransVouch.Save_Before/工艺路线围工单PI.TransVouch.Save_Before/服务接口工单PI.TransVouch.Save_Before/删除工艺路线工单PI.TransVouch.Save_Before,parts/277_142b3068_删除工艺路线工单PI.TransVouch.Save_Before.txt
278,142b2bb8,OK,U8API/Routing/RoutingLoad,生产制造照档案API.TransVouch.Save_Before,工艺路线围工单PI.TransVouch.Save_Before,服务接口工单PI.TransVouch.Save_Before,查询工艺路线工单PI.TransVouch.Save_Before,查询工艺路线工单PI.TransVouch.Save_Before,U8API资源管理器/U8API源管理器/生产制造照档案API.TransVouch.Save_Before/工艺路线围工单PI.TransVouch.Save_Before/服务接口工单PI.TransVouch.Save_Before/查询工艺路线工单PI.TransVouch.Save_Before,parts/278_142b2bb8_查询工艺路线工单PI.TransVouch.Save_Before.txt
279,142b2be8,OK,U8API/Routing/RoutingUnauditing,生产制造照档案API.TransVouch.Save_Before,工艺路线围工单PI.TransVouch.Save_Before,服务接口工单PI.TransVouch.Save_Before,弃审工艺路线工单PI.TransVouch.Save_Before,弃审工艺路线工单PI.TransVouch.Save_Before,U8API资源管理器/U8API源管理器/生产制造照档案API.TransVouch.Save_Before/工艺路线围工单PI.TransVouch.Save_Before/服务接口工单PI.TransVouch.Save_Before/弃审工艺路线工单PI.TransVouch.Save_Before,parts/279_142b2be8_弃审工艺路线工单PI.TransVouch.Save_Before.txt
280,142b2cd8,OK,U8API/Routing/RoutingUpdate,生产制造照档案API.TransVouch.Save_Before,工艺路线围工单PI.TransVouch.Save_Before,服务接口工单PI.TransVouch.Save_Before,更新工艺路线工单PI.TransVouch.Save_Before,更新工艺路线工单PI.TransVouch.Save_Before,U8API资源管理器/U8API源管理器/生产制造照档案API.TransVouch.Save_Before/工艺路线围工单PI.TransVouch.Save_Before/服务接口工单PI.TransVouch.Save_Before/更新工艺路线工单PI.TransVouch.Save_Before,parts/280_142b2cd8_更新工艺路线工单PI.TransVouch.Save_Before.txt
281,142b34b8,OK,U8API/WorkHrNote/WorkHrNoteAdd,生产制造照档案API.TransVouch.Save_Before,工时记录单工单PI.TransVouch.Save_Before,服务接口工单PI.TransVouch.Save_Before,新增工时记录单,新增工时记录单工单PI.TransVouch.Save_Before,U8API资源管理器/U8API源管理器/生产制造照档案API.TransVouch.Save_Before/工时记录单工单PI.TransVouch.Save_Before/服务接口工单PI.TransVouch.Save_Before/新增工时记录单工单PI.TransVouch.Save_Before,parts/281_142b34b8_新增工时记录单工单PI.TransVouch.Save_Before.txt
282,142b35d8,OK,U8API/WorkHrNote/WorkHrNoteDelete,生产制造照档案API.TransVouch.Save_Before,工时记录单工单PI.TransVouch.Save_Before,服务接口工单PI.TransVouch.Save_Before,删除工时记录单,删除工时记录单工单PI.TransVouch.Save_Before,U8API资源管理器/U8API源管理器/生产制造照档案API.TransVouch.Save_Before/工时记录单工单PI.TransVouch.Save_Before/服务接口工单PI.TransVouch.Save_Before/删除工时记录单工单PI.TransVouch.Save_Before,parts/282_142b35d8_删除工时记录单工单PI.TransVouch.Save_Before.txt
283,142b31e8,OK,U8API/WorkHrNote/WorkHrNoteLoad,生产制造照档案API.TransVouch.Save_Before,工时记录单工单PI.TransVouch.Save_Before,服务接口工单PI.TransVouch.Save_Before,查询工时记录单,查询工时记录单工单PI.TransVouch.Save_Before,U8API资源管理器/U8API源管理器/生产制造照档案API.TransVouch.Save_Before/工时记录单工单PI.TransVouch.Save_Before/服务接口工单PI.TransVouch.Save_Before/查询工时记录单工单PI.TransVouch.Save_Before,parts/283_142b31e8_查询工时记录单工单PI.TransVouch.Save_Before.txt
284,d831f70,OK,U8ERP_V8.70/AP/APWorkFlowSrv.clsCloseFinalVerifySrv,U8WorkFlowPI.TransVouch.Save_Before,应付系统kFlowPI.TransVouch.Save_Before,服务接口kFlowPI.TransVouch.Save_Before,应付终审服务lowPI.TransVouch.Save_Before,应付终审服务lowPI.TransVouch.Save_Before,U8API资源管理器/U8WorkFlowPI.TransVouch.Save_Before/应付系统kFlowPI.TransVouch.Save_Before/服务接口kFlowPI.TransVouch.Save_Before/应付终审服务lowPI.TransVouch.Save_Before,parts/284_d831f70_应付终审服务lowPI.TransVouch.Save_Before.txt
285,d832180,OK,U8ERP_V8.70/AP/APWorkFlowSrv.clsBudgetPlug,U8WorkFlowPI.TransVouch.Save_Before,应付系统kFlowPI.TransVouch.Save_Before,服务接口kFlowPI.TransVouch.Save_Before,应付系统扣减预算服务PI.TransVouch.Save_Before,应付系统扣减预算服务PI.TransVouch.Save_Before,U8API资源管理器/U8WorkFlowPI.TransVouch.Save_Before/应付系统kFlowPI.TransVouch.Save_Before/服务接口kFlowPI.TransVouch.Save_Before/应付系统扣减预算服务PI.TransVouch.Save_Before,parts/285_d832180_应付系统扣减预算服务PI.TransVouch.Save_Before.txt
286,d831f40,OK,U8ERP_V8.70/AP/APWorkFlowSrv.clsUnBudgetPlug,U8WorkFlowPI.TransVouch.Save_Before,应付系统kFlowPI.TransVouch.Save_Before,服务接口kFlowPI.TransVouch.Save_Before,应付系统回冲预算服务PI.TransVouch.Save_Before,应付系统回冲预算服务PI.TransVouch.Save_Before,U8API资源管理器/U8WorkFlowPI.TransVouch.Save_Before/应付系统kFlowPI.TransVouch.Save_Before/服务接口kFlowPI.TransVouch.Save_Before/应付系统回冲预算服务PI.TransVouch.Save_Before,parts/286_d831f40_应付系统回冲预算服务PI.TransVouch.Save_Before.txt
287,d831d60,OK,U8ERP_V8.70/AR/APWorkFlowSrv.clsCloseFinalVerifySrv,U8WorkFlowPI.TransVouch.Save_Before,应收系统冲预算服务PI.TransVouch.Save_Before,服务接口冲预算服务PI.TransVouch.Save_Before,应收终审服务算服务PI.TransVouch.Save_Before,应收终审服务算服务PI.TransVouch.Save_Before,U8API资源管理器/U8WorkFlowPI.TransVouch.Save_Before/应收系统冲预算服务PI.TransVouch.Save_Before/服务接口冲预算服务PI.TransVouch.Save_Before/应收终审服务算服务PI.TransVouch.Save_Before,parts/287_d831d60_应收终审服务算服务PI.TransVouch.Save_Before.txt
288,d833ce0,OK,U8ERP_V8.70/Audit/GSWorkFlowSrv.clsGSWorkFlowSrv,U8WorkFlowPI.TransVouch.Save_Before,审批审服务算服务PI.TransVouch.Save_Before,服务接口的提交消息变动.提交消息交消息.Save_Before,GSP管理终审服务变动.提交消息交消息.Save_Before,GSP管理终审服务变动.提交消息交消息.Save_Before,U8API资源管理器/U8WorkFlowPI.TransVouch.Save_Before/审批审服务算服务PI.TransVouch.Save_Before/服务接口的提交消息变动.提交消息交消息.Save_Before/GSP管理终审服务变动.提交消息交消息.Save_Before,parts/288_d833ce0_GSP管理终审服务变动.提交消息交消息.Save_Before.txt
289,d833d10,OK,U8ERP_V8.70/Audit/PUWorkFlowSrv.clsPUWorkFlowSrvAuto,U8WorkFlowPI.TransVouch.Save_Before,审批审服务算服务PI.TransVouch.Save_Before,服务接口的提交消息变动.提交消息交消息.Save_Before,采购终审终审服务变动.提交消息交消息.Save_Before,采购终审终审服务变动.提交消息交消息.Save_Before,U8API资源管理器/U8WorkFlowPI.TransVouch.Save_Before/审批审服务算服务PI.TransVouch.Save_Before/服务接口的提交消息变动.提交消息交消息.Save_Before/采购终审终审服务变动.提交消息交消息.Save_Before,parts/289_d833d10_采购终审终审服务变动.提交消息交消息.Save_Before.txt
290,d833d40,OK,U8ERP_V8.70/Audit/QMWorkFlowSrv.clsQMWorkFlowSrv,U8WorkFlowPI.TransVouch.Save_Before,审批审服务算服务PI.TransVouch.Save_Before,服务接口的提交消息变动.提交消息交消息.Save_Before,质量管理终审服务变动.提交消息交消息.Save_Before,质量管理终审服务变动.提交消息交消息.Save_Before,U8API资源管理器/U8WorkFlowPI.TransVouch.Save_Before/审批审服务算服务PI.TransVouch.Save_Before/服务接口的提交消息变动.提交消息交消息.Save_Before/质量管理终审服务变动.提交消息交消息.Save_Before,parts/290_d833d40_质量管理终审服务变动.提交消息交消息.Save_Before.txt
291,d833d70,OK,U8ERP_V8.70/Audit/SAWorkFlowSrv.clsSAAutoSrv,U8WorkFlowPI.TransVouch.Save_Before,审批审服务算服务PI.TransVouch.Save_Before,服务接口的提交消息变动.提交消息交消息.Save_Before,销售管理终审服务变动.提交消息交消息.Save_Before,销售管理终审服务变动.提交消息交消息.Save_Before,U8API资源管理器/U8WorkFlowPI.TransVouch.Save_Before/审批审服务算服务PI.TransVouch.Save_Before/服务接口的提交消息变动.提交消息交消息.Save_Before/销售管理终审服务变动.提交消息交消息.Save_Before,parts/291_d833d70_销售管理终审服务变动.提交消息交消息.Save_Before.txt
292,d833e30,OK,U8ERP_V8.70/Audit/STWorkFlowSrv.clsSTVouchAutoSrv,U8WorkFlowPI.TransVouch.Save_Before,审批审服务算服务PI.TransVouch.Save_Before,服务接口的提交消息变动.提交消息交消息.Save_Before,库存管理终审服务变动.提交消息交消息.Save_Before,库存管理终审服务变动.提交消息交消息.Save_Before,U8API资源管理器/U8WorkFlowPI.TransVouch.Save_Before/审批审服务算服务PI.TransVouch.Save_Before/服务接口的提交消息变动.提交消息交消息.Save_Before/库存管理终审服务变动.提交消息交消息.Save_Before,parts/292_d833e30_库存管理终审服务变动.提交消息交消息.Save_Before.txt
293,d833e90,OK,U8ERP_V8.70/Audit/UFSoft.U8.EX.Credit.AuditService.Audit,U8WorkFlowPI.TransVouch.Save_Before,审批审服务算服务PI.TransVouch.Save_Before,服务接口的提交消息变动.提交消息交消息.Save_Before,出口管理终审服务变动.提交消息交消息.Save_Before,出口管理终审服务变动.提交消息交消息.Save_Before,U8API资源管理器/U8WorkFlowPI.TransVouch.Save_Before/审批审服务算服务PI.TransVouch.Save_Before/服务接口的提交消息变动.提交消息交消息.Save_Before/出口管理终审服务变动.提交消息交消息.Save_Before,parts/293_d833e90_出口管理终审服务变动.提交消息交消息.Save_Before.txt
294,d833ef0,OK,U8ERP_V8.70/Audit/UFsoft.U8.ECN.Service.EcnApplyService.Audit,U8WorkFlowPI.TransVouch.Save_Before,审批审服务算服务PI.TransVouch.Save_Before,服务接口的提交消息变动.提交消息交消息.Save_Before,工程变更终审服务变动.提交消息交消息.Save_Before,工程变更终审服务变动.提交消息交消息.Save_Before,U8API资源管理器/U8WorkFlowPI.TransVouch.Save_Before/审批审服务算服务PI.TransVouch.Save_Before/服务接口的提交消息变动.提交消息交消息.Save_Before/工程变更终审服务变动.提交消息交消息.Save_Before,parts/294_d833ef0_工程变更终审服务变动.提交消息交消息.Save_Before.txt
295,d833f20,OK,U8ERP_V8.70/Audit/UFSoft.U8.IM.WorkFlow.Services.AuditService,U8WorkFlowPI.TransVouch.Save_Before,审批审服务算服务PI.TransVouch.Save_Before,服务接口的提交消息变动.提交消息交消息.Save_Before,进口管理终审服务变动.提交消息交消息.Save_Before,进口管理终审服务变动.提交消息交消息.Save_Before,U8API资源管理器/U8WorkFlowPI.TransVouch.Save_Before/审批审服务算服务PI.TransVouch.Save_Before/服务接口的提交消息变动.提交消息交消息.Save_Before/进口管理终审服务变动.提交消息交消息.Save_Before,parts/295_d833f20_进口管理终审服务变动.提交消息交消息.Save_Before.txt
296,d8344f0,OK,U8ERP_V8.70/Audit/UFSoft.U8.EX.Credit.CreditService.GetCreditMoneyService,U8WorkFlowPI.TransVouch.Save_Before,审批审服务算服务PI.TransVouch.Save_Before,服务接口的提交消息变动.提交消息交消息.Save_Before,出口管理信用额度自动服务.提交消息交消息.Save_Before,出口管理信用额度自动服务.提交消息交消息.Save_Before,U8API资源管理器/U8WorkFlowPI.TransVouch.Save_Before/审批审服务算服务PI.TransVouch.Save_Before/服务接口的提交消息变动.提交消息交消息.Save_Before/出口管理信用额度自动服务.提交消息交消息.Save_Before,parts/296_d8344f0_出口管理信用额度自动服务.提交消息交消息.Save_Before.txt
297,d834160,OK,U8ERP_V8.70/Audit/UFSoft.U8.EX.Credit.CreditService.GetCreditDateService,U8WorkFlowPI.TransVouch.Save_Before,审批审服务算服务PI.TransVouch.Save_Before,服务接口的提交消息变动.提交消息交消息.Save_Before,出口管理信用帐期自动服务.提交消息交消息.Save_Before,出口管理信用帐期自动服务.提交消息交消息.Save_Before,U8API资源管理器/U8WorkFlowPI.TransVouch.Save_Before/审批审服务算服务PI.TransVouch.Save_Before/服务接口的提交消息变动.提交消息交消息.Save_Before/出口管理信用帐期自动服务.提交消息交消息.Save_Before,parts/297_d834160_出口管理信用帐期自动服务.提交消息交消息.Save_Before.txt
298,d834190,OK,U8ERP_V8.70/Audit/UFSoft.U8.EX.Credit.LowestPriceService.GetLowestPriceService,U8WorkFlowPI.TransVouch.Save_Before,审批审服务算服务PI.TransVouch.Save_Before,服务接口的提交消息变动.提交消息交消息.Save_Before,出口管理最低售价自动服务.提交消息交消息.Save_Before,出口管理最低售价自动服务.提交消息交消息.Save_Before,U8API资源管理器/U8WorkFlowPI.TransVouch.Save_Before/审批审服务算服务PI.TransVouch.Save_Before/服务接口的提交消息变动.提交消息交消息.Save_Before/出口管理最低售价自动服务.提交消息交消息.Save_Before,parts/298_d834190_出口管理最低售价自动服务.提交消息交消息.Save_Before.txt
299,d8342e0,OK,U8ERP_V8.70/Audit/OMWorkFlowSrv.clsOMWorkFlowSrvAuto,U8WorkFlowPI.TransVouch.Save_Before,审批审服务算服务PI.TransVouch.Save_Before,服务接口的提交消息变动.提交消息交消息.Save_Before,委外管理终审服务动服务.提交消息交消息.Save_Before,委外管理终审服务动服务.提交消息交消息.Save_Before,U8API资源管理器/U8WorkFlowPI.TransVouch.Save_Before/审批审服务算服务PI.TransVouch.Save_Before/服务接口的提交消息变动.提交消息交消息.Save_Before/委外管理终审服务动服务.提交消息交消息.Save_Before,parts/299_d8342e0_委外管理终审服务动服务.提交消息交消息.Save_Before.txt
300,d834250,OK,U8ERP_V8.70/Audit/UFDIA.U8.BM.AuditPlugs.AuditService.AutoAudition,U8WorkFlowPI.TransVouch.Save_Before,审批审服务算服务PI.TransVouch.Save_Before,服务接口的提交消息变动.提交消息交消息.Save_Before,预算调整单自动终审服务.提交消息交消息.Save_Before,预算调整单自动终审服务.提交消息交消息.Save_Before,U8API资源管理器/U8WorkFlowPI.TransVouch.Save_Before/审批审服务算服务PI.TransVouch.Save_Before/服务接口的提交消息变动.提交消息交消息.Save_Before/预算调整单自动终审服务.提交消息交消息.Save_Before,parts/300_d834250_预算调整单自动终审服务.提交消息交消息.Save_Before.txt
301,d8341c0,OK,U8ERP_V8.70/Audit/UFIDA.U8.HR.WorkFlow.HM,U8WorkFlowPI.TransVouch.Save_Before,审批审服务算服务PI.TransVouch.Save_Before,服务接口的提交消息变动.提交消息交消息.Save_Before,人事变动自动终审服务.提交消息交消息.Save_Before,人事变动自动终审服务.提交消息交消息.Save_Before,U8API资源管理器/U8WorkFlowPI.TransVouch.Save_Before/审批审服务算服务PI.TransVouch.Save_Before/服务接口的提交消息变动.提交消息交消息.Save_Before/人事变动自动终审服务.提交消息交消息.Save_Before,parts/301_d8341c0_人事变动自动终审服务.提交消息交消息.Save_Before.txt
302,d834280,OK,U8ERP_V8.70/Audit/UFIDA.U8.HR.WorkFlow.TM,U8WorkFlowPI.TransVouch.Save_Before,审批审服务算服务PI.TransVouch.Save_Before,服务接口的提交消息变动.提交消息交消息.Save_Before,考勤自动终审服务务.提交消息交消息.Save_Before,考勤自动终审服务务.提交消息交消息.Save_Before,U8API资源管理器/U8WorkFlowPI.TransVouch.Save_Before/审批审服务算服务PI.TransVouch.Save_Before/服务接口的提交消息变动.提交消息交消息.Save_Before/考勤自动终审服务务.提交消息交消息.Save_Before,parts/302_d834280_考勤自动终审服务务.提交消息交消息.Save_Before.txt
303,d8343a0,OK,U8ERP_V8.70/Audit/SAWorkFlowSrv.clsDateCusAutoService,U8WorkFlowPI.TransVouch.Save_Before,审批审服务算服务PI.TransVouch.Save_Before,服务接口的提交消息变动.提交消息交消息.Save_Before,销售管理客户信用账期自动服务交消息交消息.Save_Before,销售管理客户信用账期自动服务交消息交消息.Save_Before,U8API资源管理器/U8WorkFlowPI.TransVouch.Save_Before/审批审服务算服务PI.TransVouch.Save_Before/服务接口的提交消息变动.提交消息交消息.Save_Before/销售管理客户信用账期自动服务交消息交消息.Save_Before,parts/303_d8343a0_销售管理客户信用账期自动服务交消息交消息.Save_Before.txt
304,d8345b0,OK,U8ERP_V8.70/Audit/SAWorkFlowSrv.clsDateDepAutoService,U8WorkFlowPI.TransVouch.Save_Before,审批审服务算服务PI.TransVouch.Save_Before,服务接口的提交消息变动.提交消息交消息.Save_Before,销售管理部门信用账期自动服务交消息交消息.Save_Before,销售管理部门信用账期自动服务交消息交消息.Save_Before,U8API资源管理器/U8WorkFlowPI.TransVouch.Save_Before/审批审服务算服务PI.TransVouch.Save_Before/服务接口的提交消息变动.提交消息交消息.Save_Before/销售管理部门信用账期自动服务交消息交消息.Save_Before,parts/304_d8345b0_销售管理部门信用账期自动服务交消息交消息.Save_Before.txt
305,d834340,OK,U8ERP_V8.70/Audit/SAWorkFlowSrv.clsDatePerAutoService,U8WorkFlowPI.TransVouch.Save_Before,审批审服务算服务PI.TransVouch.Save_Before,服务接口的提交消息变动.提交消息交消息.Save_Before,销售管理业务员信用账期自动服务消息交消息.Save_Before,销售管理业务员信用账期自动服务消息交消息.Save_Before,U8API资源管理器/U8WorkFlowPI.TransVouch.Save_Before/审批审服务算服务PI.TransVouch.Save_Before/服务接口的提交消息变动.提交消息交消息.Save_Before/销售管理业务员信用账期自动服务消息交消息.Save_Before,parts/305_d834340_销售管理业务员信用账期自动服务消息交消息.Save_Before.txt
306,d8345e0,OK,U8ERP_V8.70/Audit/SAWorkFlowSrv.clsMoneyPerAutoService,U8WorkFlowPI.TransVouch.Save_Before,审批审服务算服务PI.TransVouch.Save_Before,服务接口的提交消息变动.提交消息交消息.Save_Before,销售管理业务员信用额度自动服务消息交消息.Save_Before,销售管理业务员信用额度自动服务消息交消息.Save_Before,U8API资源管理器/U8WorkFlowPI.TransVouch.Save_Before/审批审服务算服务PI.TransVouch.Save_Before/服务接口的提交消息变动.提交消息交消息.Save_Before/销售管理业务员信用额度自动服务消息交消息.Save_Before,parts/306_d8345e0_销售管理业务员信用额度自动服务消息交消息.Save_Before.txt
307,d8340d0,OK,U8ERP_V8.70/Audit/SAWorkFlowSrv.clsMoneyDepAutoService,U8WorkFlowPI.TransVouch.Save_Before,审批审服务算服务PI.TransVouch.Save_Before,服务接口的提交消息变动.提交消息交消息.Save_Before,销售管理部门信用额度自动服务消息交消息.Save_Before,销售管理部门信用额度自动服务消息交消息.Save_Before,U8API资源管理器/U8WorkFlowPI.TransVouch.Save_Before/审批审服务算服务PI.TransVouch.Save_Before/服务接口的提交消息变动.提交消息交消息.Save_Before/销售管理部门信用额度自动服务消息交消息.Save_Before,parts/307_d8340d0_销售管理部门信用额度自动服务消息交消息.Save_Before.txt
308,d834400,OK,U8ERP_V8.70/Audit/SAWorkFlowSrv.clsMoneyCusAutoService,U8WorkFlowPI.TransVouch.Save_Before,审批审服务算服务PI.TransVouch.Save_Before,服务接口的提交消息变动.提交消息交消息.Save_Before,销售管理客户信用额度自动服务消息交消息.Save_Before,销售管理客户信用额度自动服务消息交消息.Save_Before,U8API资源管理器/U8WorkFlowPI.TransVouch.Save_Before/审批审服务算服务PI.TransVouch.Save_Before/服务接口的提交消息变动.提交消息交消息.Save_Before/销售管理客户信用额度自动服务消息交消息.Save_Before,parts/308_d834400_销售管理客户信用额度自动服务消息交消息.Save_Before.txt
309,d834370,OK,U8ERP_V8.70/Audit/UFIDA.U8.Audit.ChangeService.VoucherChangeService,U8WorkFlowPI.TransVouch.Save_Before,审批审服务算服务PI.TransVouch.Save_Before,服务接口的提交消息变动.提交消息交消息.Save_Before,变更等待服务用额度自动服务消息交消息.Save_Before,变更等待服务用额度自动服务消息交消息.Save_Before,U8API资源管理器/U8WorkFlowPI.TransVouch.Save_Before/审批审服务算服务PI.TransVouch.Save_Before/服务接口的提交消息变动.提交消息交消息.Save_Before/变更等待服务用额度自动服务消息交消息.Save_Before,parts/309_d834370_变更等待服务用额度自动服务消息交消息.Save_Before.txt
310,d834130,OK,U8ERP_V8.70/Audit/UFIDA.U8.Audit.ChangeService.VoucherChangeService.DoAction,U8WorkFlowPI.TransVouch.Save_Before,审批审服务算服务PI.TransVouch.Save_Before,服务接口的提交消息变动.提交消息交消息.Save_Before,变更唤醒服务,变更唤醒服务用额度自动服务消息交消息.Save_Before,U8API资源管理器/U8WorkFlowPI.TransVouch.Save_Before/审批审服务算服务PI.TransVouch.Save_Before/服务接口的提交消息变动.提交消息交消息.Save_Before/变更唤醒服务用额度自动服务消息交消息.Save_Before,parts/310_d834130_变更唤醒服务用额度自动服务消息交消息.Save_Before.txt
311,d8343d0,OK,U8ERP_V8.70/Audit/PUWorkFlowSrv.clsBudgetService,U8WorkFlowPI.TransVouch.Save_Before,审批审服务算服务PI.TransVouch.Save_Before,服务接口的提交消息变动.提交消息交消息.Save_Before,采购管理扣减预算服务动服务消息交消息.Save_Before,采购管理扣减预算服务动服务消息交消息.Save_Before,U8API资源管理器/U8WorkFlowPI.TransVouch.Save_Before/审批审服务算服务PI.TransVouch.Save_Before/服务接口的提交消息变动.提交消息交消息.Save_Before/采购管理扣减预算服务动服务消息交消息.Save_Before,parts/311_d8343d0_采购管理扣减预算服务动服务消息交消息.Save_Before.txt
312,d8342b0,OK,U8ERP_V8.70/Audit/PUWorkFlowSrv.clsUnBudgetService,U8WorkFlowPI.TransVouch.Save_Before,审批审服务算服务PI.TransVouch.Save_Before,服务接口的提交消息变动.提交消息交消息.Save_Before,采购管理回冲预算服务动服务消息交消息.Save_Before,采购管理回冲预算服务动服务消息交消息.Save_Before,U8API资源管理器/U8WorkFlowPI.TransVouch.Save_Before/审批审服务算服务PI.TransVouch.Save_Before/服务接口的提交消息变动.提交消息交消息.Save_Before/采购管理回冲预算服务动服务消息交消息.Save_Before,parts/312_d8342b0_采购管理回冲预算服务动服务消息交消息.Save_Before.txt
313,d834490,OK,U8ERP_V8.70/Audit/UFDIA.U8.BM.AuditPlugs.AuditService.AutoOverBudgetService,U8WorkFlowPI.TransVouch.Save_Before,审批审服务算服务PI.TransVouch.Save_Before,服务接口的提交消息变动.提交消息交消息.Save_Before,超预算审批流自动终审服务务消息交消息.Save_Before,超预算审批流自动终审服务务消息交消息.Save_Before,U8API资源管理器/U8WorkFlowPI.TransVouch.Save_Before/审批审服务算服务PI.TransVouch.Save_Before/服务接口的提交消息变动.提交消息交消息.Save_Before/超预算审批流自动终审服务务消息交消息.Save_Before,parts/313_d834490_超预算审批流自动终审服务务消息交消息.Save_Before.txt
314,d834430,OK,U8ERP_V8.70/Audit/UFIDA.U8.PF.WorkFlow.Services.AuditService,U8WorkFlowPI.TransVouch.Save_Before,审批审服务算服务PI.TransVouch.Save_Before,服务接口的提交消息变动.提交消息交消息.Save_Before,绩效自动终审服务审服务务消息交消息.Save_Before,绩效自动终审服务审服务务消息交消息.Save_Before,U8API资源管理器/U8WorkFlowPI.TransVouch.Save_Before/审批审服务算服务PI.TransVouch.Save_Before/服务接口的提交消息变动.提交消息交消息.Save_Before/绩效自动终审服务审服务务消息交消息.Save_Before,parts/314_d834430_绩效自动终审服务审服务务消息交消息.Save_Before.txt
315,d8341f0,OK,U8ERP_V8.70/Audit/TurboCRMWorkFLowSrv.clsCRMVerifySrv,U8WorkFlowPI.TransVouch.Save_Before,审批审服务算服务PI.TransVouch.Save_Before,服务接口的提交消息变动.提交消息交消息.Save_Before,CRM自动终审服务服务务消息交消息.Save_Before,CRM自动终审服务服务务消息交消息.Save_Before,U8API资源管理器/U8WorkFlowPI.TransVouch.Save_Before/审批审服务算服务PI.TransVouch.Save_Before/服务接口的提交消息变动.提交消息交消息.Save_Before/CRM自动终审服务服务务消息交消息.Save_Before,parts/315_d8341f0_CRM自动终审服务服务务消息交消息.Save_Before.txt
316,d834610,OK,U8ERP_V8.70/Audit/SZDZ_HU_WorkFlowSrv.clsWorkFlowSrvAuto,U8WorkFlowPI.TransVouch.Save_Before,审批审服务算服务PI.TransVouch.Save_Before,服务接口的提交消息变动.提交消息交消息.Save_Before,采购询价终审服务服务务消息交消息.Save_Before,采购询价终审服务服务务消息交消息.Save_Before,U8API资源管理器/U8WorkFlowPI.TransVouch.Save_Before/审批审服务算服务PI.TransVouch.Save_Before/服务接口的提交消息变动.提交消息交消息.Save_Before/采购询价终审服务服务务消息交消息.Save_Before,parts/316_d834610_采购询价终审服务服务务消息交消息.Save_Before.txt
317,d834310,OK,U8ERP_V8.70/Audit/HYEP_PuWFAuditSrv.clsLastAuditMsgAPI,U8WorkFlowPI.TransVouch.Save_Before,审批审服务算服务PI.TransVouch.Save_Before,服务接口的提交消息变动.提交消息交消息.Save_Before,采购订单终审发送消息服务务消息交消息.Save_Before,采购订单终审发送消息服务务消息交消息.Save_Before,U8API资源管理器/U8WorkFlowPI.TransVouch.Save_Before/审批审服务算服务PI.TransVouch.Save_Before/服务接口的提交消息变动.提交消息交消息.Save_Before/采购订单终审发送消息服务务消息交消息.Save_Before,parts/317_d834310_采购订单终审发送消息服务务消息交消息.Save_Before.txt
318,d834220,OK,U8ERP_V8.70/Audit/UFSoft.U8.U8M.Plugins.U8MService.Audit,U8WorkFlowPI.TransVouch.Save_Before,审批审服务算服务PI.TransVouch.Save_Before,服务接口的提交消息变动.提交消息交消息.Save_Before,生产制造终审服务息服务务消息交消息.Save_Before,生产制造终审服务息服务务消息交消息.Save_Before,U8API资源管理器/U8WorkFlowPI.TransVouch.Save_Before/审批审服务算服务PI.TransVouch.Save_Before/服务接口的提交消息变动.提交消息交消息.Save_Before/生产制造终审服务息服务务消息交消息.Save_Before,parts/318_d834220_生产制造终审服务息服务务消息交消息.Save_Before.txt
319,d834460,OK,U8ERP_V8.70/Audit/SAWorkFlowSrv.clsMinPriceAutoService,U8WorkFlowPI.TransVouch.Save_Before,审批审服务算服务PI.TransVouch.Save_Before,服务接口的提交消息变动.提交消息交消息.Save_Before,销售最低售价检查自动服务,销售最低售价检查自动服务务消息交消息.Save_Before,U8API资源管理器/U8WorkFlowPI.TransVouch.Save_Before/审批审服务算服务PI.TransVouch.Save_Before/服务接口的提交消息变动.提交消息交消息.Save_Before/销售最低售价检查自动服务务消息交消息.Save_Before,parts/319_d834460_销售最低售价检查自动服务务消息交消息.Save_Before.txt
320,d834640,OK,U8ERP_V8.70/CM/CMWorkFlowSrv.clsCMFinalVerifyPI,U8WorkFlowPI.TransVouch.Save_Before,合同管理价检查自动服务务消息交消息.Save_Before,服务接口价检查自动服务务消息交消息.Save_Before,合同终审服务查自动服务务消息交消息.Save_Before,合同终审服务查自动服务务消息交消息.Save_Before,U8API资源管理器/U8WorkFlowPI.TransVouch.Save_Before/合同管理价检查自动服务务消息交消息.Save_Before/服务接口价检查自动服务务消息交消息.Save_Before/合同终审服务查自动服务务消息交消息.Save_Before,parts/320_d834640_合同终审服务查自动服务务消息交消息.Save_Before.txt
321,d834c10,OK,U8ERP_V8.70/FB/FBAuditPlug.AuditService,U8WorkFlowPI.TransVouch.Save_Before,费用预算务查自动服务务消息交消息.Save_Before,服务接口务查自动服务务消息交消息.Save_Before,费用预算调整单终审服务务消息交消息.Save_Before,费用预算调整单终审服务务消息交消息.Save_Before,U8API资源管理器/U8WorkFlowPI.TransVouch.Save_Before/费用预算务查自动服务务消息交消息.Save_Before/服务接口务查自动服务务消息交消息.Save_Before/费用预算调整单终审服务务消息交消息.Save_Before,parts/321_d834c10_费用预算调整单终审服务务消息交消息.Save_Before.txt
322,d834880,OK,U8ERP_V8.70/FD/FDWorkFlow,U8WorkFlowPI.TransVouch.Save_Before,结算中心整单终审服务务消息交消息.Save_Before,服务接口整单终审服务务消息交消息.Save_Before,结算中心工作流终审接口务消息交消息.Save_Before,结算中心工作流终审接口务消息交消息.Save_Before,U8API资源管理器/U8WorkFlowPI.TransVouch.Save_Before/结算中心整单终审服务务消息交消息.Save_Before/服务接口整单终审服务务消息交消息.Save_Before/结算中心工作流终审接口务消息交消息.Save_Before,parts/322_d834880_结算中心工作流终审接口务消息交消息.Save_Before.txt
323,d834850,OK,U8ERP_V8.70/HR/UFIDA.U8.HB.WorkFlow.Services,U8WorkFlowPI.TransVouch.Save_Before,人力资源作流终审接口务消息交消息.Save_Before,服务接口打回审接口务消息交消息.Save_Before,人力资源业务单申请单自动终审服务息交消息.Save_Before,人力资源业务单申请单自动终审服务息交消息.Save_Before,U8API资源管理器/U8WorkFlowPI.TransVouch.Save_Before/人力资源作流终审接口务消息交消息.Save_Before/服务接口打回审接口务消息交消息.Save_Before/人力资源业务单申请单自动终审服务息交消息.Save_Before,parts/323_d834850_人力资源业务单申请单自动终审服务息交消息.Save_Before.txt
324,d8347c0,OK,U8ERP_V8.70/HR/UFIDA.U8.Workflow.HR.Desiger.FindAttributeDesigner,U8WorkFlowPI.TransVouch.Save_Before,人力资源作流终审接口务消息交消息.Save_Before,服务接口打回审接口务消息交消息.Save_Before,获取人员的相关属性服务终审服务息交消息.Save_Before,获取人员的相关属性服务终审服务息交消息.Save_Before,U8API资源管理器/U8WorkFlowPI.TransVouch.Save_Before/人力资源作流终审接口务消息交消息.Save_Before/服务接口打回审接口务消息交消息.Save_Before/获取人员的相关属性服务终审服务息交消息.Save_Before,parts/324_d8347c0_获取人员的相关属性服务终审服务息交消息.Save_Before.txt
325,d834a30,OK,U8ERP_V8.70/HR/UFIDA.U8.Workflow.HR.Desiger.FindPsnDesigner,U8WorkFlowPI.TransVouch.Save_Before,人力资源作流终审接口务消息交消息.Save_Before,服务接口打回审接口务消息交消息.Save_Before,逐级向上查找某个属性为特定值人员息交消息.Save_Before,逐级向上查找某个属性为特定值人员息交消息.Save_Before,U8API资源管理器/U8WorkFlowPI.TransVouch.Save_Before/人力资源作流终审接口务消息交消息.Save_Before/服务接口打回审接口务消息交消息.Save_Before/逐级向上查找某个属性为特定值人员息交消息.Save_Before,parts/325_d834a30_逐级向上查找某个属性为特定值人员息交消息.Save_Before.txt
326,d834a90,OK,U8ERP_V8.70/HR/HMWorkflowGetDutyLevel,U8WorkFlowPI.TransVouch.Save_Before,人力资源作流终审接口务消息交消息.Save_Before,服务接口打回审接口务消息交消息.Save_Before,根据人员编码得到职务级别值人员息交消息.Save_Before,根据人员编码得到职务级别值人员息交消息.Save_Before,U8API资源管理器/U8WorkFlowPI.TransVouch.Save_Before/人力资源作流终审接口务消息交消息.Save_Before/服务接口打回审接口务消息交消息.Save_Before/根据人员编码得到职务级别值人员息交消息.Save_Before,parts/326_d834a90_根据人员编码得到职务级别值人员息交消息.Save_Before.txt
327,d834af0,OK,U8ERP_V8.70/HR/HMWorkflowGetJobGrade,U8WorkFlowPI.TransVouch.Save_Before,人力资源作流终审接口务消息交消息.Save_Before,服务接口打回审接口务消息交消息.Save_Before,根据人员编码得到职级别值人员息交消息.Save_Before,根据人员编码得到职级别值人员息交消息.Save_Before,U8API资源管理器/U8WorkFlowPI.TransVouch.Save_Before/人力资源作流终审接口务消息交消息.Save_Before/服务接口打回审接口务消息交消息.Save_Before/根据人员编码得到职级别值人员息交消息.Save_Before,parts/327_d834af0_根据人员编码得到职级别值人员息交消息.Save_Before.txt
328,d834fd0,OK,U8ERP_V8.70/NE/NEAuditPlug.AuditService,U8WorkFlowPI.TransVouch.Save_Before,网上报销码得到职级别值人员息交消息.Save_Before,服务接口码得到职级别值人员息交消息.Save_Before,网上报销终审服务级别值人员息交消息.Save_Before,网上报销终审服务级别值人员息交消息.Save_Before,U8API资源管理器/U8WorkFlowPI.TransVouch.Save_Before/网上报销码得到职级别值人员息交消息.Save_Before/服务接口码得到职级别值人员息交消息.Save_Before/网上报销终审服务级别值人员息交消息.Save_Before,parts/328_d834fd0_网上报销终审服务级别值人员息交消息.Save_Before.txt
329,d835150,OK,U8ERP_V8.70/NE/NEAuditPlug.BudgetService,U8WorkFlowPI.TransVouch.Save_Before,网上报销码得到职级别值人员息交消息.Save_Before,服务接口码得到职级别值人员息交消息.Save_Before,网上报销扣减预算服务别值人员息交消息.Save_Before,网上报销扣减预算服务别值人员息交消息.Save_Before,U8API资源管理器/U8WorkFlowPI.TransVouch.Save_Before/网上报销码得到职级别值人员息交消息.Save_Before/服务接口码得到职级别值人员息交消息.Save_Before/网上报销扣减预算服务别值人员息交消息.Save_Before,parts/329_d835150_网上报销扣减预算服务别值人员息交消息.Save_Before.txt
330,d8350f0,OK,U8ERP_V8.70/NE/NEAuditPlug.UnBudgetService,U8WorkFlowPI.TransVouch.Save_Before,网上报销码得到职级别值人员息交消息.Save_Before,服务接口码得到职级别值人员息交消息.Save_Before,网上报销回冲预算服务别值人员息交消息.Save_Before,网上报销回冲预算服务别值人员息交消息.Save_Before,U8API资源管理器/U8WorkFlowPI.TransVouch.Save_Before/网上报销码得到职级别值人员息交消息.Save_Before/服务接口码得到职级别值人员息交消息.Save_Before/网上报销回冲预算服务别值人员息交消息.Save_Before,parts/330_d8350f0_网上报销回冲预算服务别值人员息交消息.Save_Before.txt
331,d834fa0,OK,U8ERP_V8.70/NE/NEGetOverBudgetInfo,U8WorkFlowPI.TransVouch.Save_Before,网上报销码得到职级别值人员息交消息.Save_Before,服务接口码得到职级别值人员息交消息.Save_Before,网上报销获取超预算信息值人员息交消息.Save_Before,网上报销获取超预算信息值人员息交消息.Save_Before,U8API资源管理器/U8WorkFlowPI.TransVouch.Save_Before/网上报销码得到职级别值人员息交消息.Save_Before/服务接口码得到职级别值人员息交消息.Save_Before/网上报销获取超预算信息值人员息交消息.Save_Before,parts/331_d834fa0_网上报销获取超预算信息值人员息交消息.Save_Before.txt
332,d835180,OK,U8ERP_V8.70/UAP/UAPFinalAuditService,U8WorkFlowPI.TransVouch.Save_Before,UAP自动服务算信息值人员息交消息.Save_Before,服务接口服务算信息值人员息交消息.Save_Before,UAP终审服务算信息值人员息交消息.Save_Before,UAP终审服务算信息值人员息交消息.Save_Before,U8API资源管理器/U8WorkFlowPI.TransVouch.Save_Before/UAP自动服务算信息值人员息交消息.Save_Before/服务接口服务算信息值人员息交消息.Save_Before/UAP终审服务算信息值人员息交消息.Save_Before,parts/332_d835180_UAP终审服务算信息值人员息交消息.Save_Before.txt
333,d8351b0,WARN:NO_API_MARKER,,U8WorkFlowPI.TransVouch.Save_Before,工作流系统务算信息值人员息交消息.Save_Before,服务接口息算信息值人员息交消息.Save_Before,工作流引擎算信息值人员息交消息.Save_Before,工作流引擎算信息值人员息交消息.Save_Before,U8API资源管理器/U8WorkFlowPI.TransVouch.Save_Before/工作流系统务算信息值人员息交消息.Save_Before/服务接口息算信息值人员息交消息.Save_Before/工作流引擎算信息值人员息交消息.Save_Before,
334,d835240,OK,U8ERP_V8.70/UAP/UAPFinalAuditService,U8WorkFlowPI.TransVouch.Save_Before,工作流系统务算信息值人员息交消息.Save_Before,服务接口息算信息值人员息交消息.Save_Before,工作流引擎(Dynamic)员息交消息.Save_Before,工作流引擎(Dynamic)员息交消息.Save_Before,U8API资源管理器/U8WorkFlowPI.TransVouch.Save_Before/工作流系统务算信息值人员息交消息.Save_Before/服务接口息算信息值人员息交消息.Save_Before/工作流引擎(Dynamic)员息交消息.Save_Before,parts/334_d835240_工作流引擎(Dynamic)员息交消息.Save_Before.txt
